fecha,ga4_sesiones,ga4_usuarios,ga4_pageviews,ga4_nuevos,gads_impressions,gads_clicks,gads_cost,gads_conversions,gads_cpm,gads_cpc,gads_cpa,gsc_clicks,gsc_impressions,ventas_cantidad,ventas_monto
2025-01-01,0.0,0.0,0.0,0.0,0.0,0.0,0.0,0.0,0.0,0.0,0.0,0.0,0.0,4.0,6588.75
2025-01-04,0.0,0.0,0.0,0.0,0.0,0.0,0.0,0.0,0.0,0.0,0.0,0.0,0.0,4.0,4523.27
2025-01-05,0.0,0.0,0.0,0.0,0.0,0.0,0.0,0.0,0.0,0.0,0.0,0.0,0.0,1.0,1025.44
2025-01-06,0.0,0.0,0.0,0.0,0.0,0.0,0.0,0.0,0.0,0.0,0.0,0.0,0.0,1.0,1376.81
2025-01-07,0.0,0.0,0.0,0.0,76.0,9.0,9.82,1.0,129.21052631578948,1.0911111111111111,9.82,0.0,0.0,1.0,609.92
2025-01-08,0.0,0.0,0.0,0.0,563.0,72.0,128.8,13.053994,228.77442273534638,1.788888888888889,9.866712057627728,0.0,0.0,6.0,13826.29
2025-01-09,0.0,0.0,0.0,0.0,0.0,0.0,0.0,0.0,0.0,0.0,0.0,0.0,0.0,5.0,4972.79
2025-01-10,0.0,0.0,0.0,0.0,1482.0,108.0,117.4,23.681326,79.21727395411607,1.087037037037037,4.957492667429181,0.0,0.0,2.0,3287.05
2025-01-11,0.0,0.0,0.0,0.0,1370.0,108.0,112.652297,1.0,82.22795401459854,1.0430768240740742,112.652297,0.0,0.0,1.0,1675.75
2025-01-12,0.0,0.0,0.0,0.0,1681.0,146.0,157.021557,6.0,93.40961154074957,1.0754901164383561,26.1702595,0.0,0.0,0.0,0.0
2025-01-13,0.0,0.0,0.0,0.0,2502.0,231.0,194.92675599999998,19.0,77.90837569944044,0.8438387705627705,10.25930294736842,0.0,0.0,0.0,0.0
2025-01-14,0.0,0.0,0.0,0.0,5347.0,330.0,159.764825,27.0,29.87933888161586,0.4841358333333333,5.91721574074074,0.0,0.0,1.0,533.34
2025-01-15,0.0,0.0,0.0,0.0,3495.0,195.0,150.84416499999998,13.125492,43.15998998569384,0.7735598205128204,11.492457958909272,0.0,0.0,4.0,3721.06
2025-01-16,0.0,0.0,0.0,0.0,3401.0,287.0,155.816206,19.0,45.81482093501911,0.5429136097560976,8.200852947368421,0.0,0.0,2.0,2217.83
2025-01-17,0.0,0.0,0.0,0.0,3108.0,281.0,151.280723,23.0,48.6746212998713,0.53836556227758,6.5774227391304345,0.0,0.0,4.0,3870.0600000000004
2025-01-18,0.0,0.0,0.0,0.0,2890.0,202.0,105.606357,13.0,36.54199204152249,0.5228037475247524,8.123565923076923,0.0,0.0,2.0,6020.42
2025-01-19,0.0,0.0,0.0,0.0,2967.0,238.0,123.41273399999999,11.669247,41.59512436804852,0.5185408991596638,10.57589525699473,0.0,0.0,2.0,4259.5199999999995
2025-01-20,0.0,0.0,0.0,0.0,3326.0,277.0,146.652626,22.689991,44.092791942273,0.5294318628158845,6.463317944903548,0.0,0.0,1.0,533.34
2025-01-21,0.0,0.0,0.0,0.0,4481.0,383.0,166.747773,29.732938,37.21217875474225,0.43537277545691905,5.608183523606042,0.0,0.0,6.0,9729.02
2025-01-22,0.0,0.0,0.0,0.0,2401.0,154.0,100.79074299999999,9.692493,41.9786518117451,0.6544853441558441,10.398846096664705,0.0,0.0,5.0,7669.49
2025-01-23,0.0,0.0,0.0,0.0,3065.0,135.0,99.745995,8.0,32.5435546492659,0.7388592222222222,12.468249375,0.0,0.0,5.0,6376.6
2025-01-24,0.0,0.0,0.0,0.0,4234.0,374.0,167.111795,10.0,39.469011572980634,0.44682298128342246,16.7111795,0.0,0.0,7.0,5991.03
2025-01-25,0.0,0.0,0.0,0.0,2383.0,222.0,87.574738,7.0,36.74978514477549,0.3944808018018018,12.510676857142856,0.0,0.0,7.0,8866.43
2025-01-26,0.0,0.0,0.0,0.0,5558.0,287.0,103.51751900000001,4.993136,18.624958438287152,0.36068821951219515,20.73196464105925,0.0,0.0,0.0,0.0
2025-01-27,0.0,0.0,0.0,0.0,4439.0,299.0,173.075763,16.0,38.98980919125929,0.5788487056856187,10.8172351875,0.0,0.0,1.0,1408.76
2025-01-28,0.0,0.0,0.0,0.0,2587.0,158.0,110.116298,5.707857000000001,42.56524855044453,0.6969385949367088,19.292056195521365,0.0,0.0,2.0,1504.9199999999998
2025-01-29,0.0,0.0,0.0,0.0,2082.0,121.0,87.719193,10.5,42.132177233429395,0.7249520082644628,8.354208857142858,0.0,0.0,1.0,565.92
2025-01-30,0.0,0.0,0.0,0.0,3542.0,154.0,129.540551,6.0,36.57271343873517,0.8411724090909091,21.590091833333332,0.0,0.0,1.0,4700.16
2025-01-31,0.0,0.0,0.0,0.0,5885.0,459.0,120.29390699999999,10.0,20.440765845369583,0.26207822875816994,12.029390699999999,6.0,144.0,3.0,7122.17
2025-02-01,0.0,0.0,0.0,0.0,13984.0,916.0,121.362408,7.0,8.678661899313502,0.132491711790393,17.337486857142856,1.0,117.0,9.0,12281.56
2025-02-02,0.0,0.0,0.0,0.0,18157.0,1183.0,100.078098,5.75,5.511819022966349,0.08459687066779374,17.40488660869565,3.0,100.0,2.0,1645.17
2025-02-03,0.0,0.0,0.0,0.0,17908.0,1194.0,164.00473300000002,12.0,9.158182544114364,0.13735739782244558,13.667061083333335,5.0,146.0,0.0,0.0
2025-02-04,0.0,0.0,0.0,0.0,19237.0,1264.0,124.522961,16.3616,6.47309668867287,0.09851500079113924,7.610683612849599,2.0,117.0,1.0,699.92
2025-02-05,0.0,0.0,0.0,0.0,23643.0,1321.0,127.407456,8.996396,5.388802436239056,0.0964477335352006,14.162055116293233,1.0,144.0,4.0,3898.8900000000003
2025-02-06,0.0,0.0,0.0,0.0,18533.0,1115.0,118.296678,15.5,6.3830290832568926,0.10609567533632287,7.632043741935484,5.0,115.0,1.0,1649.77
2025-02-07,0.0,0.0,0.0,0.0,23593.0,1130.0,122.569912,13.666666,5.1951812825838175,0.10846894867256637,8.968530583830761,5.0,105.0,3.0,4216.0199999999995
2025-02-08,0.0,0.0,0.0,0.0,20208.0,1055.0,78.6376,7.0,3.8914093428345216,0.07453800947867299,11.233942857142859,2.0,46.0,5.0,7286.76
2025-02-09,0.0,0.0,0.0,0.0,23665.0,1153.0,75.175167,7.0,3.176639214029157,0.06519962445793583,10.739309571428572,2.0,97.0,3.0,4831.68
2025-02-10,0.0,0.0,0.0,0.0,27147.0,914.0,117.962974,14.0,4.345341068994733,0.12906233479212254,8.425926714285714,2.0,114.0,0.0,0.0
2025-02-11,0.0,0.0,0.0,0.0,46836.0,906.0,132.743273,14.0,2.834214557178239,0.14651575386313465,9.481662357142856,7.0,134.0,0.0,0.0
2025-02-12,0.0,0.0,0.0,0.0,50840.0,805.0,137.80660699999999,17.688401,2.710594158143194,0.1711883316770186,7.790789399222688,5.0,107.0,9.0,14455.76
2025-02-13,0.0,0.0,0.0,0.0,50725.0,760.0,123.30932200000001,15.57522,2.4309378413011338,0.16224910789473684,7.917019599081105,5.0,150.0,3.0,5556.98
2025-02-14,0.0,0.0,0.0,0.0,49159.0,747.0,77.469261,1.0,1.57589171870868,0.10370717670682732,77.469261,5.0,87.0,6.0,8800.78
2025-02-15,0.0,0.0,0.0,0.0,30095.0,814.0,138.141807,3.0,4.590191294234923,0.1697073796068796,46.047269,3.0,97.0,2.0,3600.3999999999996
2025-02-16,0.0,0.0,0.0,0.0,19182.0,989.0,149.572335,2.0,7.797535971223022,0.15123593023255816,74.7861675,4.0,103.0,4.0,5640.92
2025-02-17,0.0,0.0,0.0,0.0,30972.0,973.0,196.120747,16.737565,6.332195111713806,0.20156294655704007,11.717400171410835,10.0,172.0,1.0,601.67
2025-02-18,0.0,0.0,0.0,0.0,23367.0,739.0,177.515724,13.738132,7.596855565541148,0.24021072259810555,12.921387274485353,11.0,147.0,6.0,6725.72
2025-02-19,0.0,0.0,0.0,0.0,39779.0,724.0,161.614174,11.783738,4.062801327333517,0.22322399723756906,13.715017594586708,9.0,131.0,3.0,3160.16
2025-02-20,0.0,0.0,0.0,0.0,47126.0,633.0,163.673135,15.117691,3.4730962738191233,0.25856735387045815,10.826596138259474,7.0,158.0,6.0,8696.34
2025-02-21,0.0,0.0,0.0,0.0,69809.0,729.0,108.91575399999999,8.5,1.5601964503144292,0.14940432647462276,12.813618117647058,11.0,134.0,4.0,6859.32
2025-02-22,0.0,0.0,0.0,0.0,47673.0,778.0,87.424647,4.107281,1.8338398464539676,0.11237101156812339,21.285285082759124,2.0,100.0,2.0,963.8399999999999
2025-02-23,0.0,0.0,0.0,0.0,52023.0,951.0,118.890227,2.0,2.2853396959037346,0.1250160115667718,59.4451135,3.0,113.0,3.0,7251.73
2025-02-24,0.0,0.0,0.0,0.0,73554.0,1023.0,185.604236,8.0,2.5233737934034854,0.1814313157380254,23.2005295,3.0,136.0,1.0,1200.01
2025-02-25,0.0,0.0,0.0,0.0,77111.0,905.0,156.36351200000001,15.0,2.027771809469466,0.17277736132596686,10.424234133333334,4.0,162.0,2.0,1084.96
2025-02-26,0.0,0.0,0.0,0.0,87808.0,625.0,148.186071,13.0,1.6876146934220118,0.2370977136,11.398928538461538,6.0,189.0,6.0,7361.65
2025-02-27,0.0,0.0,0.0,0.0,122858.0,491.0,128.368701,16.994442,1.0448542300867667,0.261443382892057,7.553569631765491,4.0,169.0,2.0,1832.56
2025-02-28,0.0,0.0,0.0,0.0,112794.0,655.0,80.806265,15.086331000000001,0.7164057042041243,0.12336834351145037,5.35625693218583,3.0,139.0,2.0,1953.35
2025-03-01,0.0,0.0,0.0,0.0,56766.0,386.0,90.102276,13.651302999999999,1.587257795159074,0.233425585492228,6.6002692929751845,2.0,122.0,1.0,498.41
2025-03-02,0.0,0.0,0.0,0.0,71272.0,382.0,94.262595,8.0,1.3225754153103604,0.24676071989528797,11.782824375,3.0,104.0,1.0,673.17
2025-03-03,0.0,0.0,0.0,0.0,105268.0,344.0,165.24354699999998,20.0,1.5697414883915337,0.4803591482558139,8.262177349999998,9.0,139.0,0.0,0.0
2025-03-04,0.0,0.0,0.0,0.0,125111.0,292.0,133.450599,12.0,1.0666576000511547,0.45702259931506856,11.12088325,8.0,154.0,3.0,7196.52
2025-03-05,0.0,0.0,0.0,0.0,95575.0,305.0,136.497498,14.667803,1.4281715720638242,0.44753278032786886,9.305926593096459,6.0,154.0,7.0,8318.73
2025-03-06,0.0,0.0,0.0,0.0,97352.0,354.0,137.971425,13.0,1.4172428404141673,0.38974978813559324,10.61318653846154,4.0,139.0,1.0,1160.46
2025-03-07,0.0,0.0,0.0,0.0,71170.0,356.0,97.721627,4.0,1.3730733033581566,0.274498952247191,24.43040675,13.0,154.0,5.0,9723.11
2025-03-08,0.0,0.0,0.0,0.0,51233.0,388.0,50.893686,8.0,0.9933770421408077,0.13116929381443299,6.36171075,2.0,103.0,0.0,0.0
2025-03-09,0.0,0.0,0.0,0.0,53614.0,307.0,59.04277999999999,3.0,1.1012567612936919,0.19232175895765471,19.680926666666664,2.0,91.0,9.0,10602.23
2025-03-10,0.0,0.0,0.0,0.0,60882.0,276.0,181.000228,26.723156000000003,2.972967839427088,0.6557979275362319,6.773160625189629,4.0,129.0,3.0,5790.33
2025-03-11,0.0,0.0,0.0,0.0,72762.0,323.0,152.291764,10.0,2.0930123416068827,0.4714915294117647,15.2291764,7.0,143.0,3.0,2443.2999999999997
2025-03-12,1005.0,939.0,2954.0,800.0,78237.0,456.0,179.099661,11.998173,2.289193872464435,0.3927624144736842,14.927244422963396,2.0,133.0,3.0,3959.3500000000004
2025-03-13,855.0,815.0,2217.0,687.0,79813.0,362.0,141.354158,5.0,1.7710668437472592,0.39048109944751386,28.2708316,12.0,157.0,6.0,7074.26
2025-03-14,733.0,691.0,2058.0,561.0,35581.0,170.0,79.288517,8.5,2.2283948455636433,0.4664030411764706,9.328060823529412,5.0,110.0,3.0,7820.77
2025-03-15,671.0,651.0,1390.0,551.0,603.0,13.0,0.891356,0.0,1.4782023217247098,0.06856584615384616,0.0,9.0,105.0,9.0,15378.8
2025-03-16,662.0,644.0,1417.0,538.0,542.0,19.0,0.573217,0.0,1.0575959409594096,0.030169315789473683,0.0,9.0,82.0,4.0,4613.38
2025-03-17,2694.0,2384.0,23816.0,2182.0,51870.0,1483.0,319.435962,228.317732,6.158395257374205,0.21539849089683075,1.3990852099038895,380.0,2762.0,0.0,0.0
2025-03-18,2732.0,2380.0,22541.0,2090.0,111493.0,1708.0,317.888749,363.781733,2.851199169454585,0.18611753454332552,0.8738447265575043,117.0,2538.0,8.0,6284.69
2025-03-19,523.0,406.0,5408.0,243.0,0.0,0.0,0.0,0.0,0.0,0.0,0.0,175.0,1245.0,7.0,6440.27
2025-03-20,215.0,157.0,1561.0,59.0,0.0,0.0,0.0,0.0,0.0,0.0,0.0,29.0,544.0,8.0,27099.57
2025-03-21,196.0,160.0,1434.0,86.0,541.0,49.0,52.89,7.0,97.7634011090573,1.0793877551020408,7.555714285714286,19.0,323.0,2.0,1589.34
2025-03-22,100.0,90.0,635.0,53.0,484.0,37.0,51.519286,5.0,106.44480578512398,1.3924131351351352,10.3038572,3.0,259.0,3.0,6689.54
2025-03-23,128.0,112.0,799.0,72.0,626.0,56.0,64.805856,16.0,103.52373162939297,1.1572474285714287,4.050366,3.0,131.0,2.0,1031.75
2025-03-24,164.0,130.0,1103.0,79.0,680.0,59.0,84.910178,15.967921,124.8679088235294,1.439155559322034,5.3175474753413425,9.0,247.0,0.0,0.0
2025-03-25,125.0,105.0,975.0,56.0,566.0,52.0,65.589755,16.0,115.8829593639576,1.2613414423076923,4.0993596875,5.0,324.0,3.0,8053.52
2025-03-26,128.0,100.0,1025.0,52.0,724.0,35.0,35.302025,8.90108,48.75970303867403,1.0086292857142858,3.966038390846953,1.0,203.0,3.0,7703.99
2025-03-27,154.0,126.0,1086.0,72.0,785.0,48.0,63.337592,12.548292,80.6848305732484,1.3195331666666668,5.047507023266593,0.0,319.0,4.0,6053.21
2025-03-28,138.0,117.0,838.0,71.0,998.0,68.0,92.69,11.714257,92.875751503006,1.3630882352941176,7.9125803710811535,1.0,103.0,4.0,3448.35
2025-03-29,111.0,95.0,560.0,63.0,941.0,63.0,111.822241,6.0,118.83341232731138,1.7749562063492064,18.63704016666667,0.0,95.0,2.0,2666.67
2025-03-30,111.0,99.0,763.0,74.0,1101.0,76.0,137.565865,13.721418,124.94628973660309,1.8100771710526316,10.025630368523137,0.0,72.0,2.0,3056.37
2025-03-31,191.0,152.0,1354.0,106.0,1181.0,100.0,180.694905,8.5,153.00161303979678,1.80694905,21.25822411764706,4.0,100.0,1.0,875.67
2025-04-01,516.0,477.0,2174.0,379.0,1047.0,95.0,113.34,10.999946,108.25214899713467,1.1930526315789474,10.303686945372277,9.0,126.0,2.0,1966.54
2025-04-02,1158.0,1111.0,2849.0,958.0,741.0,69.0,111.06475,4.0,149.8849527665317,1.6096340579710144,27.7661875,7.0,96.0,3.0,3886.75
2025-04-03,1131.0,1092.0,2926.0,949.0,770.0,57.0,104.424066,7.0,135.61567012987013,1.8320011578947368,14.917723714285714,6.0,167.0,5.0,6966.400000000001
2025-04-04,1076.0,1044.0,2558.0,895.0,1035.0,64.0,82.25995800000001,5.821771,79.47822028985509,1.2853118437500002,14.129713793276997,6.0,120.0,3.0,3468.12
2025-04-05,1011.0,981.0,2189.0,861.0,568.0,36.0,56.742239,9.654002,99.89830809859154,1.5761733055555556,5.877587243093589,2.0,147.0,6.0,10074.2
2025-04-06,1125.0,1100.0,2282.0,976.0,533.0,30.0,42.004605,5.14114,78.80788930581613,1.4001534999999998,8.170290052400828,1.0,111.0,2.0,1719.7799999999997
2025-04-07,2078.0,2023.0,4607.0,1901.0,65762.0,1322.0,210.714538,12.999725,3.2041990511237493,0.15939072465960666,16.209153501324067,8.0,163.0,1.0,539.92
2025-04-08,7432.0,7017.0,15922.0,6876.0,257345.0,10304.0,400.247648,20.985647,1.5552959956478658,0.0388439099378882,19.0724473731975,4.0,111.0,7.0,11484.0
2025-04-09,8054.0,7676.0,16901.0,7367.0,246687.0,10499.0,354.782029,17.0,1.4381869697227663,0.033791982950757214,20.86953111764706,8.0,155.0,2.0,3161.34
2025-04-10,2313.0,2245.0,5289.0,2015.0,27084.0,507.0,207.748404,39.666088,7.670521488701817,0.40976016568047335,5.237431127566701,6.0,151.0,6.0,11584.72
2025-04-11,2249.0,2180.0,5349.0,1938.0,33360.0,549.0,183.529884,13.764106,5.501495323741008,0.3342985136612022,13.33394875046734,1.0,133.0,4.0,3137.5299999999997
2025-04-12,2325.0,2276.0,5269.0,2045.0,41490.0,591.0,266.673397,24.0,6.427413762352375,0.45122402199661593,11.111391541666668,0.0,110.0,4.0,4232.01
2025-04-13,3637.0,3561.0,8617.0,3286.0,93841.0,3036.0,618.170276,27.993558999999998,6.587422086294903,0.2036133978919631,22.0825896414243,6.0,138.0,0.0,0.0
2025-04-14,2091.0,2022.0,5221.0,1817.0,37350.0,654.0,401.068058,18.0,10.73810061579652,0.6132539113149847,22.28155877777778,4.0,149.0,0.0,0.0
2025-04-15,821.0,793.0,3059.0,680.0,40716.0,545.0,407.548742,20.717151,10.009547647116612,0.7477958568807339,19.672045736404584,2.0,130.0,5.0,5934.67
2025-04-16,452.0,420.0,1832.0,351.0,25317.0,469.0,311.144159,18.434302,12.28993004700399,0.663420381663113,16.878543000977203,1.0,119.0,0.0,0.0
2025-04-17,639.0,610.0,2275.0,533.0,37669.0,747.0,269.200686,15.717151,7.146478165069421,0.3603757510040161,17.127829719266554,2.0,111.0,4.0,3459.0599999999995
2025-04-18,72.0,66.0,183.0,28.0,0.0,0.0,0.0,0.0,0.0,0.0,0.0,1.0,108.0,1.0,533.34
2025-04-19,75.0,66.0,321.0,33.0,0.0,0.0,0.0,0.0,0.0,0.0,0.0,4.0,119.0,1.0,699.93
2025-04-20,66.0,57.0,304.0,27.0,0.0,0.0,0.0,0.0,0.0,0.0,0.0,9.0,112.0,2.0,8300.77
2025-04-21,779.0,739.0,2627.0,669.0,36790.0,872.0,119.183729,7.0,3.2395686055993473,0.13667858830275229,17.026247,9.0,181.0,0.0,0.0
2025-04-22,363.0,328.0,1834.0,253.0,13291.0,264.0,210.73992800000002,19.276931,15.855836882100672,0.7982573030303031,10.932234389384908,5.0,134.0,0.0,0.0
2025-04-23,350.0,303.0,2110.0,233.0,22580.0,318.0,176.931408,21.364237,7.835757661647476,0.5563880754716981,8.281662855546866,12.0,178.0,1.0,2106.98
2025-04-24,347.0,306.0,1779.0,247.0,22467.0,279.0,146.717785,9.252124,6.530368317977477,0.5258701971326165,15.857740881985585,6.0,170.0,3.0,2583.25
2025-04-25,358.0,327.0,1429.0,256.0,37545.0,302.0,167.526103,13.166833,4.462008336662672,0.5547221953642384,12.72334076083444,3.0,145.0,4.0,4257.87
2025-04-26,84.0,67.0,491.0,23.0,0.0,0.0,0.0,0.0,0.0,0.0,0.0,8.0,104.0,2.0,1988.67
2025-04-27,45.0,37.0,200.0,14.0,0.0,0.0,0.0,0.0,0.0,0.0,0.0,2.0,120.0,1.0,977.85
2025-04-28,130.0,105.0,859.0,66.0,505.0,48.0,104.528222,5.0,206.9865782178218,2.1776712916666665,20.9056444,8.0,144.0,0.0,0.0
2025-04-29,121.0,94.0,845.0,49.0,521.0,36.0,70.092842,10.809108,134.53520537428022,1.947023388888889,6.484609275807033,17.0,188.0,5.0,7082.969999999999
2025-04-30,99.0,76.0,814.0,24.0,0.0,0.0,0.0,0.0,0.0,0.0,0.0,12.0,174.0,1.0,1195.03
2025-05-01,90.0,84.0,554.0,56.0,250.0,28.0,30.115537000000003,0.0,120.46214800000001,1.075554892857143,0.0,3.0,150.0,3.0,5034.110000000001
2025-05-02,132.0,108.0,908.0,63.0,282.0,41.0,27.509999999999998,0.108468,97.5531914893617,0.6709756097560975,253.6231884057971,10.0,150.0,5.0,6580.219999999999
2025-05-03,70.0,62.0,467.0,37.0,211.0,27.0,30.304000000000002,1.0,143.62085308056874,1.1223703703703705,30.304000000000002,2.0,107.0,6.0,5851.99
2025-05-04,101.0,93.0,636.0,65.0,380.0,51.0,30.730554,2.0,80.86987894736842,0.6025598823529412,15.365277,4.0,132.0,2.0,2702.36
2025-05-05,468.0,421.0,2025.0,356.0,2279.0,125.0,141.416079,11.0,62.051811759543654,1.131328632,12.856007181818182,7.0,202.0,0.0,0.0
2025-05-06,577.0,538.0,2318.0,472.0,9021.0,192.0,141.499757,7.7095769999999995,15.68559549939031,0.7369779010416666,18.353764026223487,6.0,151.0,4.0,4774.78
2025-05-07,538.0,503.0,2435.0,436.0,7502.0,197.0,121.62016799999999,23.816667000000002,16.21169928019195,0.6173612588832487,5.106515029999789,8.0,210.0,3.0,5138.2699999999995
2025-05-08,470.0,438.0,1640.0,373.0,8552.0,144.0,92.850003,9.0,10.857109798877456,0.6447916875,10.316667,1.0,152.0,0.0,0.0
2025-05-09,502.0,472.0,1843.0,414.0,6193.0,113.0,95.605549,13.723344,15.437679476828677,0.8460668053097344,6.9666364845186415,2.0,138.0,3.0,3243.96
2025-05-10,496.0,478.0,1546.0,414.0,6637.0,153.0,132.461222,4.0,19.95799638390839,0.8657596209150327,33.1153055,1.0,108.0,3.0,4373.25
2025-05-11,515.0,505.0,1674.0,443.0,5176.0,161.0,160.427323,6.4549900000000004,30.994459621329213,0.996443,24.853225644036627,1.0,143.0,2.0,2276.5299999999997
2025-05-12,573.0,545.0,2152.0,479.0,3778.0,179.0,152.141428,17.0,40.27036209634728,0.8499521117318435,8.949495764705881,3.0,195.0,1.0,1459.85
2025-05-13,594.0,563.0,2316.0,483.0,5492.0,190.0,176.027397,16.579121,32.05160178441369,0.9264599842105263,10.617414336984451,1.0,92.0,1.0,572.42
2025-05-14,473.0,443.0,1948.0,377.0,7640.0,163.0,188.201537,26.744858999999998,24.633709031413613,1.1546106564417178,7.036923881333606,4.0,187.0,5.0,18338.58
2025-05-15,480.0,452.0,2144.0,377.0,8140.0,183.0,180.408104,22.962304,22.16315773955774,0.9858366338797815,7.856707410545562,5.0,228.0,4.0,4773.85
2025-05-16,487.0,454.0,1928.0,397.0,8337.0,165.0,164.167782,7.775329,19.691469593378912,0.9949562545454544,21.113933828394913,8.0,198.0,2.0,1831.42
2025-05-17,448.0,436.0,1248.0,376.0,4705.0,123.0,140.32526000000001,9.0,29.824709883103086,1.1408557723577237,15.591695555555557,0.0,169.0,3.0,5103.179999999999
2025-05-18,435.0,415.0,1439.0,364.0,10011.0,170.0,134.893233,12.0,13.474501348516633,0.793489605882353,11.241102750000001,1.0,125.0,4.0,3579.74
2025-05-19,661.0,624.0,2686.0,548.0,6958.0,218.0,191.77965899999998,15.0,27.56246895659672,0.8797232064220183,12.785310599999999,2.0,200.0,0.0,0.0
2025-05-20,591.0,551.0,2357.0,464.0,7377.0,219.0,265.486677,25.0,35.98843391622611,1.2122679315068492,10.61946708,5.0,165.0,8.0,9839.51
2025-05-21,562.0,529.0,2100.0,447.0,13154.0,218.0,216.41541899999999,11.526053000000001,16.45244176676296,0.9927312798165137,18.776195025304844,0.0,183.0,2.0,2346.45
2025-05-22,496.0,470.0,1720.0,404.0,9151.0,161.0,198.863541,11.0,21.731345317451645,1.2351772732919255,18.07850372727273,6.0,175.0,4.0,8034.240000000001
2025-05-23,395.0,384.0,1421.0,322.0,10571.0,123.0,148.196158,6.418642999999999,14.019123829344434,1.20484681300813,23.088393917530546,5.0,171.0,1.0,1131.86
2025-05-24,428.0,411.0,1719.0,367.0,9180.0,91.0,92.895402,13.438735999999999,10.119324836601308,1.0208285934065935,6.912510372999367,5.0,142.0,3.0,6712.07
2025-05-25,423.0,416.0,1164.0,370.0,9099.0,138.0,112.91819100000001,6.0,12.409956149027366,0.8182477608695653,18.8196985,1.0,163.0,1.0,533.34
2025-05-26,258.0,238.0,1179.0,195.0,7241.0,116.0,142.13786,10.5,19.629589835658056,1.2253263793103448,13.536939047619047,8.0,177.0,1.0,809.51
2025-05-27,137.0,119.0,908.0,91.0,5400.0,94.0,140.358501,11.0,25.992314999999998,1.4931755425531914,12.759863727272727,4.0,184.0,0.0,0.0
2025-05-28,204.0,183.0,1168.0,144.0,6637.0,141.0,147.152835,5.5,22.171588820250115,1.0436371276595746,26.75506090909091,4.0,197.0,0.0,0.0
2025-05-29,193.0,174.0,1005.0,132.0,10125.0,127.0,116.32339099999999,6.0,11.48872997530864,0.915932212598425,19.38723183333333,4.0,177.0,2.0,976.6700000000001
2025-05-30,169.0,155.0,1022.0,118.0,7969.0,100.0,106.117744,6.82926,13.316318735098507,1.06117744,15.538688525550354,2.0,149.0,2.0,2289.51
2025-05-31,151.0,133.0,1014.0,103.0,6183.0,117.0,92.473051,23.65852,14.956016658579978,0.7903679572649572,3.9086574730794656,5.0,136.0,4.0,8481.39
2025-06-01,473.0,456.0,1573.0,417.0,9365.0,195.0,141.018867,11.326218,15.058074426054459,0.7231736769230769,12.45065802194519,0.0,145.0,0.0,0.0
2025-06-02,411.0,391.0,1519.0,338.0,6928.0,131.0,184.951683,10.0,26.696259093533488,1.4118449083969467,18.4951683,7.0,168.0,2.0,2506.92
2025-06-03,394.0,362.0,1655.0,298.0,9143.0,143.0,167.936738,9.380521,18.367793721973094,1.1743827832167832,17.902709028634977,7.0,167.0,4.0,3590.9500000000003
2025-06-04,230.0,196.0,1484.0,161.0,6027.0,125.0,168.59131200000002,10.0,27.972674962668,1.3487304960000002,16.8591312,6.0,208.0,1.0,3704.55
2025-06-05,266.0,227.0,1759.0,180.0,7597.0,128.0,124.59648800000001,11.0,16.40074871659866,0.9734100625000001,11.326953454545455,3.0,168.0,1.0,977.85
2025-06-06,267.0,230.0,1793.0,184.0,6403.0,122.0,94.15532,10.0,14.704875839450258,0.7717649180327869,9.415532,6.0,207.0,3.0,4063.8
2025-06-07,269.0,258.0,3321.0,237.0,5908.0,100.0,98.738808,0.0,16.71272985781991,0.9873880800000001,0.0,3.0,138.0,5.0,7690.77
2025-06-08,234.0,216.0,1216.0,187.0,5222.0,121.0,63.108567,16.0,12.085133473764841,0.5215584049586777,3.9442854375,1.0,128.0,3.0,3302.28
2025-06-09,266.0,231.0,1808.0,176.0,12410.0,148.0,150.895488,14.13767,12.159185173247382,1.0195641081081082,10.673292558108939,6.0,171.0,1.0,1231.86
2025-06-10,241.0,210.0,1947.0,154.0,7235.0,129.0,144.916368,17.875467999999998,20.029905736005528,1.1233826976744186,8.10699714267621,13.0,152.0,2.0,2153.11
2025-06-11,344.0,316.0,1614.0,273.0,7953.0,193.0,121.710703,7.0,15.303747390921664,0.6306254041450777,17.387243285714284,4.0,132.0,4.0,4504.76
2025-06-12,240.0,223.0,1078.0,192.0,5799.0,92.0,123.358176,15.875468,21.27231867563373,1.3408497391304348,7.770364690981078,5.0,107.0,1.0,697.92
2025-06-13,285.0,261.0,1702.0,210.0,4534.0,97.0,104.399639,12.74443,23.025945963828846,1.0762849381443298,8.19178566636562,6.0,129.0,2.0,3681.5
2025-06-14,329.0,307.0,1516.0,276.0,7294.0,148.0,69.494164,7.0,9.527579380312584,0.46955516216216214,9.927737714285714,5.0,85.0,3.0,2387.42
2025-06-15,279.0,272.0,1041.0,242.0,7548.0,95.0,84.980722,9.0,11.258707207207207,0.8945339157894737,9.442302444444444,1.0,88.0,3.0,2385.33
2025-06-16,359.0,337.0,1791.0,289.0,9342.0,156.0,107.940996,13.93386,11.554377649325625,0.6919294615384616,7.74666861874599,3.0,114.0,2.0,3726.46
2025-06-17,693.0,650.0,3732.0,596.0,4672.0,551.0,99.431861,12.880561,21.282504494863012,0.18045709800362977,7.7195287534448225,6.0,160.0,0.0,0.0
2025-06-18,395.0,351.0,2099.0,305.0,7544.0,151.0,131.322083,12.0,17.407487142099683,0.8696826688741721,10.943506916666665,9.0,120.0,1.0,894.1
2025-06-19,520.0,467.0,2751.0,402.0,9941.0,179.0,138.255445,11.0,13.90759933608289,0.7723767877094972,12.56867681818182,6.0,149.0,8.0,8065.07
2025-06-20,609.0,551.0,2870.0,456.0,10471.0,231.0,278.635094,19.932531,26.61017037532232,1.206212528138528,13.97891186021484,3.0,153.0,4.0,5779.7
2025-06-21,614.0,587.0,2148.0,532.0,9753.0,255.0,215.743188,12.159664,22.1207000922793,0.8460517176470589,17.74252874092574,4.0,149.0,6.0,6052.46
2025-06-22,450.0,428.0,1778.0,393.0,9319.0,245.0,203.181868,7.906901,21.802968988088853,0.8293137469387756,25.69677652470924,3.0,145.0,1.0,1203.36
2025-06-23,485.0,446.0,2368.0,390.0,8191.0,247.0,398.43483399999997,16.0,48.64300256378952,1.6130964939271253,24.902177124999998,3.0,244.0,0.0,0.0
2025-06-24,530.0,492.0,2004.0,421.0,7784.0,196.0,262.77799400000004,16.799657,33.75873509763618,1.3407040510204082,15.641866616681522,8.0,170.0,5.0,6556.65
2025-06-25,518.0,488.0,2269.0,418.0,7321.0,175.0,248.79617299999998,11.540157,33.983905613987154,1.421692417142857,21.559167089321225,5.0,200.0,5.0,4036.49
2025-06-26,659.0,617.0,2838.0,541.0,7162.0,178.0,249.11757400000002,23.000192,34.783241273387326,1.3995369325842697,10.83110845335552,5.0,172.0,4.0,4912.64
2025-06-27,181.0,165.0,1185.0,130.0,3775.0,88.0,99.40639,4.0,26.332818543046358,1.1296180681818182,24.8515975,12.0,148.0,5.0,4568.99
2025-06-28,76.0,67.0,539.0,45.0,309.0,27.0,21.656382,1.0,70.0853786407767,0.8020882222222222,21.656382,4.0,140.0,0.0,0.0
2025-06-29,37.0,31.0,390.0,14.0,136.0,17.0,19.844116,10.813801999999999,145.91261764705882,1.1673009411764705,1.8350729928289793,1.0,185.0,1.0,3200.0
2025-06-30,45.0,41.0,398.0,23.0,299.0,19.0,18.483969000000002,8.0,61.819294314381274,0.9728404736842107,2.3104961250000002,1.0,154.0,1.0,1180.26
2025-07-01,219.0,183.0,1653.0,135.0,587.0,43.0,75.709759,8.0,128.97744293015333,1.760692069767442,9.463719875,19.0,209.0,0.0,0.0
2025-07-02,405.0,362.0,2192.0,300.0,17929.0,273.0,147.869349,12.0,8.247495621618606,0.5416459670329671,12.32244575,3.0,179.0,4.0,4640.75
2025-07-03,410.0,370.0,2438.0,316.0,10173.0,235.0,182.520714,12.274059,17.94168033028605,0.7766838893617021,14.870444569314845,7.0,136.0,5.0,7377.01
2025-07-04,330.0,283.0,2150.0,227.0,17336.0,177.0,150.53198,23.494918,8.683201430549147,0.850463163841808,6.40700171841417,3.0,127.0,3.0,4064.5299999999997
2025-07-05,251.0,238.0,1375.0,202.0,8808.0,122.0,101.953878,3.0,11.575145095367848,0.8356875245901639,33.984626,2.0,109.0,3.0,2636.1
2025-07-06,284.0,271.0,1324.0,244.0,10221.0,161.0,82.768174,3.845183,8.09785480872713,0.5140880372670807,21.525158620538996,1.0,87.0,1.0,533.34
2025-07-07,278.0,248.0,1685.0,204.0,8746.0,142.0,254.969314,17.654185,29.152677109535787,1.7955585492957746,14.442429033115944,5.0,151.0,0.0,0.0
2025-07-08,252.0,228.0,1611.0,175.0,10380.0,145.0,157.565345,16.5,15.179705684007708,1.086657551724138,9.54941484848485,2.0,104.0,1.0,481.51
2025-07-09,350.0,322.0,1544.0,267.0,10378.0,140.0,142.619396,9.0,13.742474079784158,1.0187099714285714,15.846599555555555,4.0,150.0,1.0,1167.92
2025-07-10,632.0,589.0,2608.0,534.0,13772.0,335.0,186.286093,9.0,13.526437191402845,0.5560778895522388,20.698454777777776,4.0,108.0,2.0,4006.8500000000004
2025-07-11,493.0,470.0,2096.0,407.0,8182.0,195.0,158.530817,5.0,19.37555817648497,0.8129785487179488,31.7061634,6.0,148.0,0.0,0.0
2025-07-12,417.0,401.0,2228.0,353.0,8129.0,203.0,123.92234400000001,10.999877999999999,15.244475827285031,0.6104548965517241,11.265792584245027,2.0,95.0,4.0,3783.27
2025-07-13,414.0,383.0,1605.0,339.0,8585.0,145.0,145.652467,9.0,16.965925101921957,1.0044997724137932,16.183607444444444,3.0,112.0,1.0,996.84
2025-07-14,525.0,482.0,3808.0,421.0,13923.0,206.0,302.612348,16.491596,21.73470861164979,1.4689919805825242,18.349488309075724,1.0,123.0,0.0,0.0
2025-07-15,462.0,427.0,2279.0,360.0,8256.0,123.0,239.806175,10.220508,29.046290576550387,1.9496436991869919,23.463234410657474,7.0,134.0,6.0,10997.15
2025-07-16,427.0,389.0,2530.0,324.0,8006.0,106.0,166.258237,15.0,20.766704596552586,1.5684739339622642,11.083882466666667,10.0,117.0,12.0,13568.77
2025-07-17,673.0,617.0,3273.0,533.0,23339.0,372.0,177.40380499999998,7.0,7.60117421483354,0.47689194892473113,25.34340071428571,8.0,126.0,4.0,4689.09
2025-07-18,397.0,369.0,1936.0,300.0,9636.0,126.0,147.469374,8.0,15.30400311332503,1.170391857142857,18.43367175,3.0,81.0,4.0,9910.01
2025-07-19,387.0,366.0,1407.0,302.0,11042.0,124.0,133.371931,16.031881,12.078602698786451,1.0755800887096774,8.319169222875345,2.0,81.0,2.0,2327.2799999999997
2025-07-20,582.0,543.0,2029.0,474.0,19951.0,318.0,153.307419,11.0,7.684197233221393,0.4820988018867925,13.937038090909091,5.0,109.0,1.0,3461.55
2025-07-21,646.0,590.0,2873.0,506.0,24256.0,333.0,294.836797,16.403568,12.155210958113456,0.8853957867867868,17.97394304702489,4.0,123.0,2.0,3714.0200000000004
2025-07-22,505.0,451.0,2186.0,363.0,18783.0,153.0,324.762574,20.0,17.290239791300642,2.1226312026143788,16.238128699999997,3.0,109.0,7.0,13899.26
2025-07-23,286.0,258.0,1565.0,188.0,15580.0,89.0,244.012744,173.037696,15.661921951219512,2.741716224719101,1.4101710184583132,24.0,138.0,4.0,5063.31
2025-07-24,113.0,87.0,995.0,46.0,357.0,29.0,21.286513,16.0,59.6260868347339,0.7340176896551724,1.3304070625,7.0,73.0,5.0,5913.28
2025-07-25,68.0,56.0,637.0,25.0,137.0,22.0,25.944184,3.0,189.37360583941606,1.179281090909091,8.648061333333333,12.0,134.0,4.0,6114.61
2025-07-26,56.0,49.0,426.0,33.0,173.0,20.0,22.316847,10.728773,128.9991156069364,1.1158423499999999,2.0800931290092537,3.0,76.0,7.0,12415.26
2025-07-27,61.0,51.0,514.0,37.0,376.0,23.0,24.483816,5.0,65.11653191489363,1.064513739130435,4.8967632000000005,10.0,74.0,2.0,4243.7
2025-07-28,105.0,86.0,944.0,51.0,330.0,28.0,27.620123,4.0,83.69734242424242,0.9864329642857143,6.90503075,11.0,95.0,1.0,1200.01
2025-07-29,89.0,67.0,712.0,34.0,223.0,32.0,22.191094,16.968119,99.5116322869955,0.6934716875,1.3078110779397527,4.0,107.0,4.0,2849.37
2025-07-30,69.0,56.0,683.0,30.0,192.0,19.0,22.208124,3.0,115.66731250000001,1.1688486315789475,7.4027080000000005,7.0,90.0,3.0,6177.84
2025-07-31,103.0,91.0,768.0,60.0,190.0,20.0,18.029639,2.0,94.89283684210525,0.90148195,9.0148195,8.0,90.0,3.0,3340.48
2025-08-01,150.0,129.0,818.0,94.0,2576.0,39.0,24.233435,2.825166,9.407389363354037,0.6213701282051282,8.577703044706046,6.0,82.0,3.0,2509.0
2025-08-02,209.0,192.0,1247.0,149.0,5765.0,108.0,167.268885,4.0,29.014550737207287,1.5487859722222224,41.81722125,2.0,57.0,1.0,601.67
2025-08-03,213.0,198.0,1169.0,161.0,10814.0,102.0,142.581855,5.093992,13.184932032550396,1.3978613235294117,27.990200023871257,1.0,79.0,1.0,1440.72
2025-08-04,285.0,249.0,1948.0,188.0,15261.0,125.0,153.016743,46.906008,10.026652447414978,1.2241339439999999,3.262199226163096,16.0,154.0,0.0,0.0
2025-08-05,250.0,206.0,1734.0,145.0,1248.0,50.0,127.295816,11.5,101.99985256410257,2.54591632,11.069201391304349,10.0,98.0,2.0,1212.34
2025-08-06,217.0,192.0,1139.0,141.0,8839.0,74.0,125.82074300000001,14.023368,14.234725987102616,1.7002803108108109,8.972220011626309,3.0,78.0,7.0,7254.73
2025-08-07,260.0,220.0,1451.0,177.0,1990.0,71.0,106.37669,72.0,53.455623115577886,1.4982632394366198,1.4774540277777777,6.0,112.0,3.0,3340.88
2025-08-08,246.0,206.0,1402.0,153.0,14684.0,70.0,91.764393,10.805109,6.249277649141923,1.3109199,8.492685543477627,7.0,99.0,3.0,6172.09
2025-08-09,175.0,163.0,993.0,125.0,7802.0,53.0,34.238443,4.1308419999999995,4.388418738784926,0.6460083584905659,8.2884900947555,5.0,87.0,4.0,2984.58
2025-08-10,159.0,153.0,914.0,129.0,3639.0,51.0,50.650519,13.523424,13.918801593844464,0.9931474313725491,3.745391625671132,0.0,51.0,1.0,539.92
2025-08-11,236.0,203.0,1733.0,144.0,21235.0,104.0,173.499567,22.5,8.17045288438898,1.6682650673076924,7.711091866666667,3.0,81.0,0.0,0.0
2025-08-12,240.0,197.0,1581.0,148.0,9174.0,89.0,185.04021699999998,17.761684,20.1700694353608,2.0791035617977527,10.41794330987985,10.0,128.0,6.0,11141.73
2025-08-13,240.0,200.0,1566.0,147.0,9901.0,90.0,156.7798,14.322548,15.834743965256033,1.7419977777777778,10.946362337204246,5.0,94.0,2.0,1707.54
2025-08-14,291.0,213.0,2700.0,139.0,1812.0,79.0,144.90645,0.0,79.97044701986755,1.8342588607594938,0.0,20.0,110.0,5.0,6694.71
2025-08-15,207.0,190.0,968.0,140.0,13430.0,96.0,90.387079,0.0,6.73023670886076,0.9415320729166666,0.0,1.0,68.0,6.0,6429.03
2025-08-16,148.0,140.0,527.0,112.0,4982.0,70.0,97.21737,0.0,19.51372340425532,1.3888195714285714,0.0,1.0,64.0,1.0,1600.0
2025-08-17,146.0,137.0,584.0,112.0,6978.0,70.0,106.64509100000001,0.0,15.283045428489539,1.5235013000000002,0.0,2.0,72.0,3.0,5744.969999999999
2025-08-18,271.0,205.0,1854.0,144.0,11400.0,109.0,152.303475,0.0,13.359953947368421,1.3972795871559631,0.0,6.0,114.0,0.0,0.0
2025-08-19,280.0,200.0,1867.0,129.0,11161.0,80.0,116.895081,0.0,10.473531135202938,1.4611885125000001,0.0,14.0,145.0,2.0,1048.25
2025-08-20,256.0,217.0,1815.0,161.0,8574.0,96.0,104.759415,0.0,12.218266270118965,1.0912439062500001,0.0,4.0,181.0,2.0,3884.8700000000003
2025-08-21,239.0,203.0,1365.0,144.0,8565.0,109.0,99.427926,0.0,11.608631173380035,0.9121828073394496,0.0,5.0,183.0,3.0,1967.56
2025-08-22,208.0,168.0,950.0,110.0,4447.0,64.0,62.697796999999994,0.0,14.098897458961096,0.9796530781249999,0.0,3.0,182.0,6.0,7087.4
2025-08-23,210.0,194.0,846.0,145.0,9953.0,77.0,44.176932,0.0,4.438554405706822,0.5737263896103896,0.0,3.0,204.0,3.0,5056.45
2025-08-24,416.0,392.0,1340.0,350.0,9987.0,56.0,47.661608,0.0,4.772364874336638,0.8511001428571429,0.0,3.0,166.0,1.0,533.34
2025-08-25,534.0,490.0,1899.0,415.0,7744.0,82.0,94.752572,0.0,12.235611053719008,1.1555191707317074,0.0,3.0,212.0,1.0,533.34
2025-08-26,395.0,371.0,986.0,348.0,15564.0,107.0,163.581558,0.0,10.510251734772552,1.5287996074766355,0.0,6.0,187.0,3.0,4540.26
2025-08-27,0.0,0.0,0.0,0.0,16190.0,103.0,146.26691,0.0,9.034398394070415,1.4200670873786407,0.0,0.0,251.0,4.0,4042.49
2025-08-28,0.0,0.0,0.0,0.0,9573.0,93.0,99.61008299999999,0.0,10.405315261673456,1.0710761612903226,0.0,5.0,123.0,5.0,7366.5199999999995
2025-08-29,0.0,0.0,0.0,0.0,21948.0,116.0,152.844335,0.0,6.963929970840168,1.3176235775862069,0.0,6.0,128.0,1.0,729.92
2025-08-30,0.0,0.0,0.0,0.0,15661.0,102.0,113.076737,0.0,7.220275652895728,1.1085954607843136,0.0,5.0,107.0,3.0,1910.7599999999998
2025-08-31,0.0,0.0,0.0,0.0,24655.0,125.0,84.98535100000001,0.0,3.4469823970797,0.6798828080000001,0.0,3.0,120.0,5.0,6359.59
2025-09-01,0.0,0.0,0.0,0.0,8.0,0.0,0.0,0.0,0.0,0.0,0.0,28.0,160.0,0.0,0.0
2025-09-02,0.0,0.0,0.0,0.0,365.0,8.0,19.999225,0.0,54.792397260273965,2.499903125,0.0,30.0,144.0,6.0,7038.969999999999
2025-09-03,0.0,0.0,0.0,0.0,209.0,16.0,12.972356,1.0,62.06868899521531,0.81077225,12.972356,20.0,172.0,3.0,6364.51
2025-09-04,0.0,0.0,0.0,0.0,133.0,15.0,10.474283,0.0,78.754007518797,0.6982855333333333,0.0,15.0,141.0,7.0,9265.6
2025-09-05,0.0,0.0,0.0,0.0,27636.0,401.0,30.337191,3.579437,1.097741749891446,0.07565384289276808,8.475408562854996,14.0,161.0,3.0,3568.2200000000003
2025-09-06,0.0,0.0,0.0,0.0,111298.0,4635.0,53.184394999999995,1.0,0.4778558015418066,0.011474518878101402,53.184394999999995,5.0,119.0,6.0,10092.82
2025-09-07,0.0,0.0,0.0,0.0,118637.0,5521.0,50.09228400000001,2.0,0.42223154665070767,0.009073045462778484,25.046142000000003,4.0,86.0,1.0,1869.37
2025-09-08,0.0,0.0,0.0,0.0,118976.0,5455.0,49.252641999999994,1.994367,0.41397123789671864,0.009028898625114573,24.695876937394168,14.0,161.0,0.0,0.0
2025-09-09,0.0,0.0,0.0,0.0,110717.0,5613.0,51.292868,1.0,0.46327906283587883,0.009138226973098166,51.292868,15.0,124.0,1.0,794.72
2025-09-10,0.0,0.0,0.0,0.0,109604.0,5576.0,54.276771,0.0,0.4952079394912594,0.009733997668579627,0.0,11.0,143.0,6.0,8609.42
2025-09-11,0.0,0.0,0.0,0.0,111891.0,5463.0,51.854339,0.0,0.4634361923657846,0.009491916346329857,0.0,13.0,126.0,4.0,3397.84
2025-09-12,0.0,0.0,0.0,0.0,110652.0,5420.0,52.48890900000001,0.0,0.47436023750135564,0.009684300553505536,0.0,12.0,118.0,2.0,2708.85
2025-09-13,0.0,0.0,0.0,0.0,108127.0,5452.0,49.746931,0.137669,0.4600787129949041,0.009124528796771825,361.3517276946879,3.0,108.0,4.0,4780.49
2025-09-14,0.0,0.0,0.0,0.0,106134.0,5357.0,49.482699000000004,0.0,0.4662285318559557,0.009237016800448012,0.0,2.0,71.0,0.0,0.0
2025-09-15,0.0,0.0,0.0,0.0,105674.0,5562.0,43.756795999999994,0.0,0.4140734333894808,0.007867097446961523,0.0,6.0,83.0,1.0,699.93
2025-09-16,0.0,0.0,0.0,0.0,108855.0,5754.0,51.473538,0.0,0.4728633319553534,0.008945696558915537,0.0,15.0,123.0,0.0,0.0
2025-09-17,0.0,0.0,0.0,0.0,110650.0,5737.0,62.805808999999996,0.245736,0.5676078535924085,0.010947500261460692,255.58245027183642,14.0,154.0,2.0,13019.7
2025-09-18,0.0,0.0,0.0,0.0,106724.0,5627.0,55.721537,1.0,0.5221087759079494,0.009902530122623068,55.721537,21.0,158.0,5.0,7135.1
2025-09-19,0.0,0.0,0.0,0.0,104818.0,5695.0,48.40719,0.0,0.4618213474784865,0.008499945566286216,0.0,19.0,147.0,3.0,3523.63
2025-09-20,0.0,0.0,0.0,0.0,108359.0,5758.0,50.425186000000004,2.0,0.46535300251940315,0.008757413337964572,25.212593000000002,10.0,100.0,4.0,5808.45
2025-09-21,0.0,0.0,0.0,0.0,106256.0,5686.0,51.3815,0.0,0.4835632811323596,0.009036493141048188,0.0,9.0,91.0,1.0,819.93
2025-09-22,0.0,0.0,0.0,0.0,103637.0,5421.0,52.162494,0.0,0.503319219969702,0.00962230105146652,0.0,15.0,140.0,1.0,2498.02
2025-09-23,0.0,0.0,0.0,0.0,103339.0,5501.0,51.296921,0.0,0.4963945944899795,0.009325017451372477,0.0,13.0,148.0,7.0,8414.52
2025-09-24,0.0,0.0,0.0,0.0,110031.0,5461.0,51.689285999999996,1.0,0.46977021021348525,0.009465168650430324,51.689285999999996,12.0,160.0,3.0,3859.06
2025-09-25,0.0,0.0,0.0,0.0,107878.0,5419.0,47.419529,0.0,0.4395662600344834,0.008750605093190625,0.0,10.0,199.0,4.0,5418.01
2025-09-26,0.0,0.0,0.0,0.0,109773.0,5403.0,48.232682,0.0,0.4393856594973263,0.008927018693318526,0.0,15.0,163.0,1.0,616.52
2025-09-27,0.0,0.0,0.0,0.0,112102.0,5584.0,55.490274,0.0,0.4949980731833508,0.009937369985673352,0.0,8.0,148.0,7.0,5773.49
2025-09-28,0.0,0.0,0.0,0.0,110876.0,5614.0,47.714321,0.0,0.4303394873552437,0.008499166547915923,0.0,6.0,167.0,1.0,1102.0
2025-09-29,0.0,0.0,0.0,0.0,107514.0,5525.0,51.030654999999996,1.996842,0.474641953606042,0.009236317647058822,25.555679918591455,22.0,162.0,0.0,0.0
2025-09-30,0.0,0.0,0.0,0.0,96394.0,5154.0,43.121873,0.820276,0.4473501773969334,0.008366680830422973,52.56995572222033,13.0,217.0,0.0,0.0
2025-10-01,0.0,0.0,0.0,0.0,115984.0,5711.0,37.298716999999996,0.0,0.3215850203476341,0.006531030817720189,0.0,7.0,152.0,11.0,20232.46
2025-10-02,0.0,0.0,0.0,0.0,99658.0,5537.0,51.585113,0.0,0.5176213951714864,0.009316437240382879,0.0,9.0,158.0,0.0,0.0
2025-10-03,0.0,0.0,0.0,0.0,93725.0,5293.0,43.194065,0.012837,0.460859589223793,0.00816060173814472,3364.8099244371742,7.0,185.0,0.0,0.0
2025-10-04,0.0,0.0,0.0,0.0,94505.0,5678.0,43.003079,0.0,0.4550349611131686,0.007573631384290243,0.0,7.0,139.0,4.0,4925.01
2025-10-05,0.0,0.0,0.0,0.0,90968.0,5246.0,40.890352,0.0,0.4495025943188814,0.007794577201677469,0.0,7.0,125.0,3.0,5540.34
2025-10-06,0.0,0.0,0.0,0.0,91590.0,5157.0,48.678938,0.0,0.5314874767987772,0.009439390731045182,0.0,14.0,186.0,0.0,0.0
2025-10-07,0.0,0.0,0.0,0.0,79529.0,5282.0,46.91145,0.26796,0.5898659608444718,0.00888138015903067,175.0688535602329,14.0,244.0,0.0,0.0
2025-10-08,0.0,0.0,0.0,0.0,79325.0,5022.0,45.354046,0.267961,0.5717497132051687,0.009031072481083233,169.25614548385772,5.0,192.0,4.0,4018.16
2025-10-09,0.0,0.0,0.0,0.0,88646.0,5139.0,45.529517000000006,1.0,0.513610506960269,0.008859606343646624,45.529517000000006,7.0,177.0,4.0,5255.0599999999995
2025-10-10,0.0,0.0,0.0,0.0,88070.0,5282.0,43.051879,2.0,0.4888370500738049,0.008150677584248391,21.5259395,23.0,117.0,3.0,5168.38
2025-10-11,0.0,0.0,0.0,0.0,92905.0,5368.0,38.964203,1.626512,0.4193983423927668,0.007258607116244411,23.955681236904493,4.0,88.0,1.0,1396.59
2025-10-12,0.0,0.0,0.0,0.0,88444.0,5145.0,37.433291,0.0,0.4232428542354484,0.007275663945578231,0.0,5.0,90.0,4.0,5360.12
2025-10-13,0.0,0.0,0.0,0.0,87440.0,5192.0,49.695859,0.0,0.5683423947849954,0.009571621533127888,0.0,12.0,151.0,0.0,0.0
2025-10-14,0.0,0.0,0.0,0.0,89422.0,5047.0,50.459044999999996,2.207533,0.5642799870278007,0.009997829403606101,22.857662829955427,12.0,165.0,3.0,4136.1900000000005
2025-10-15,0.0,0.0,0.0,0.0,83503.0,4825.0,42.955601,2.0,0.5144198531789277,0.008902715233160621,21.4778005,4.0,144.0,3.0,6210.58
2025-10-16,0.0,0.0,0.0,0.0,87372.0,4897.0,49.226074999999994,0.0,0.5634078995559217,0.010052292219726361,0.0,4.0,143.0,5.0,7115.58
2025-10-17,0.0,0.0,0.0,0.0,88326.0,5013.0,57.062045,1.0,0.6460390485247832,0.011382813684420507,57.062045,12.0,156.0,0.0,0.0
2025-10-18,0.0,0.0,0.0,0.0,89532.0,5262.0,51.996019,0.0,0.5807534624491801,0.009881417521854808,0.0,3.0,90.0,3.0,4549.36
2025-10-19,0.0,0.0,0.0,0.0,85609.0,5283.0,40.624213000000005,0.0,0.47453203518321674,0.007689610637895136,0.0,2.0,75.0,0.0,0.0
2025-10-20,0.0,0.0,0.0,0.0,86123.0,5742.0,51.300824000000006,0.0,0.5956692637274597,0.008934312783002439,0.0,5.0,76.0,0.0,0.0
2025-10-21,0.0,0.0,0.0,0.0,21294.0,992.0,23.640824000000002,0.0,1.1102105757490373,0.023831475806451615,0.0,8.0,190.0,4.0,10798.08
2025-10-22,0.0,0.0,0.0,0.0,22387.0,1289.0,18.605240000000002,4.0,0.8310733908071649,0.014433855702094649,4.6513100000000005,4.0,134.0,2.0,5393.52
2025-10-23,0.0,0.0,0.0,0.0,22611.0,1407.0,20.408336,0.0,0.902584405820176,0.01450485856432125,0.0,3.0,175.0,4.0,3591.37
2025-10-24,0.0,0.0,0.0,0.0,22233.0,1355.0,11.925238,5.5626,0.536375567849593,0.008800913653136531,2.1438244705713156,3.0,145.0,5.0,7554.3
2025-10-25,0.0,0.0,0.0,0.0,21410.0,1299.0,12.117932,2.0,0.5659940214852872,0.009328662047729022,6.058966,2.0,64.0,3.0,5343.88
2025-10-26,0.0,0.0,0.0,0.0,21941.0,1337.0,12.432331,1.0,0.5666255412241922,0.00929867688855647,12.432331,1.0,77.0,0.0,0.0
2025-10-27,0.0,0.0,0.0,0.0,22748.0,1262.0,35.67472,7.0,1.5682574292245473,0.028268399366085578,5.096388571428571,3.0,211.0,1.0,6063.76
2025-10-28,0.0,0.0,0.0,0.0,22399.0,1262.0,38.109136,0.0,1.7013766686012768,0.030197413629160064,0.0,16.0,152.0,3.0,3016.3199999999997
2025-10-29,0.0,0.0,0.0,0.0,21462.0,1336.0,36.680269,2.0,1.709079722299879,0.027455291167664674,18.3401345,5.0,180.0,2.0,2065.45
2025-10-30,0.0,0.0,0.0,0.0,21436.0,1175.0,36.12015,2.700699,1.6850228587423028,0.030740553191489363,13.374370857322493,15.0,149.0,5.0,6552.68
2025-10-31,0.0,0.0,0.0,0.0,26592.0,1668.0,32.400719,0.0,1.21843859055355,0.019424891486810553,0.0,4.0,153.0,1.0,918.65
2025-11-01,0.0,0.0,0.0,0.0,29246.0,2154.0,42.539728000000004,0.0,1.4545485878410724,0.019749177344475396,0.0,5.0,140.0,3.0,3571.56
2025-11-02,0.0,0.0,0.0,0.0,27855.0,2017.0,39.786155,1.0,1.4283308203195118,0.019725411502231036,39.786155,1.0,128.0,1.0,601.67
2025-11-03,0.0,0.0,0.0,0.0,21761.0,1822.0,36.152937,3.0,1.6613637700473325,0.0198424462129528,12.050979,10.0,189.0,0.0,0.0
2025-11-04,0.0,0.0,0.0,0.0,19059.0,1793.0,36.044287,2.0,1.8911950784406317,0.020102781372002228,18.0221435,5.0,169.0,0.0,0.0
2025-11-05,0.0,0.0,0.0,0.0,21652.0,1748.0,42.19575,8.0,1.9488153519305376,0.024139445080091533,5.27446875,8.0,198.0,0.0,0.0
2025-11-06,0.0,0.0,0.0,0.0,20472.0,1771.0,37.453989,2.0,1.8295227139507622,0.021148497459062676,18.7269945,6.0,144.0,2.0,2153.1
2025-11-07,0.0,0.0,0.0,0.0,14587.0,1889.0,38.660302,3.0,2.6503257695208062,0.020466014822657492,12.886767333333333,3.0,199.0,3.0,2813.5
2025-11-08,0.0,0.0,0.0,0.0,16157.0,1942.0,24.634097,0.0,1.5246702358111035,0.012684910916580845,0.0,3.0,175.0,5.0,2853.9
2025-11-09,0.0,0.0,0.0,0.0,15435.0,1956.0,30.338186,0.0,1.9655449303530936,0.015510320040899795,0.0,2.0,161.0,0.0,0.0
2025-11-10,0.0,0.0,0.0,0.0,15408.0,1773.0,53.524786,3.534154,3.4738308670820355,0.03018882459108855,15.145006697501014,0.0,253.0,1.0,537.32
2025-11-11,0.0,0.0,0.0,0.0,14965.0,1904.0,48.367450000000005,4.0,3.23203808887404,0.0254030724789916,12.091862500000001,4.0,310.0,4.0,4826.82
2025-11-12,0.0,0.0,0.0,0.0,38137.0,1978.0,115.766865,2.520871,3.0355524818417807,0.05852723205257836,45.923359426166584,3.0,282.0,2.0,2348.11
2025-11-13,0.0,0.0,0.0,0.0,22554.0,1632.0,79.219792,1.996664,3.5124497650084243,0.048541539215686276,39.676075694258024,4.0,224.0,3.0,3733.33
2025-11-14,0.0,0.0,0.0,0.0,29011.0,1699.0,96.54506500000001,1.0,3.3278778739098964,0.0568246409652737,96.54506500000001,5.0,194.0,2.0,3514.83
2025-11-15,0.0,0.0,0.0,0.0,33639.0,1888.0,90.379839,0.0,2.6867576027824844,0.04787067743644068,0.0,3.0,200.0,3.0,2594.62
2025-11-16,0.0,0.0,0.0,0.0,36876.0,1737.0,52.838387,2.0,1.4328665527714501,0.030419336211859525,26.4191935,1.0,173.0,1.0,10354.45
2025-11-17,0.0,0.0,0.0,0.0,53359.0,2097.0,156.161845,9.064677,2.9266261549129484,0.07446916785884597,17.227513456905303,7.0,238.0,0.0,0.0
2025-11-18,0.0,0.0,0.0,0.0,27706.0,2169.0,159.213593,4.854754,5.746538403233957,0.07340414615029968,32.79539869579386,11.0,249.0,5.0,6264.870000000001
2025-11-19,0.0,0.0,0.0,0.0,36496.0,2330.0,179.94221299999998,11.0,4.930463968654098,0.07722841759656651,16.358383,2.0,275.0,5.0,5957.23
2025-11-20,0.0,0.0,0.0,0.0,21814.0,1979.0,164.546776,17.120952000000003,7.543173008159897,0.08314642546740778,9.610842668094623,2.0,253.0,0.0,0.0
2025-11-21,0.0,0.0,0.0,0.0,59258.0,3621.0,199.539546,15.139002,3.3673013939046204,0.05510619884009942,13.180495385362919,3.0,216.0,2.0,2525.79
2025-11-22,0.0,0.0,0.0,0.0,57362.0,3811.0,244.59402400000002,28.448154,4.264042815801402,0.06418106113880871,8.597887370829055,7.0,183.0,6.0,11037.55
2025-11-23,0.0,0.0,0.0,0.0,54685.0,3759.0,371.44512899999995,19.084885,6.7924500137149115,0.09881487869114125,19.462791051662084,3.0,173.0,0.0,0.0
2025-11-24,0.0,0.0,0.0,0.0,56703.0,4201.0,499.053533,65.617332,8.801183940884963,0.1187939854796477,7.605513936470321,13.0,242.0,3.0,6447.89
2025-11-25,0.0,0.0,0.0,0.0,76636.0,4905.0,463.518965,80.000008,6.048318871026671,0.09449927930682976,5.793986483101352,10.0,278.0,2.0,6232.24
2025-11-26,0.0,0.0,0.0,0.0,52978.0,3373.0,457.670907,154.618431,8.638886084789913,0.13568660154165432,2.9600022716567342,6.0,189.0,2.0,1993.1799999999998
2025-11-27,0.0,0.0,0.0,0.0,46065.0,1750.0,292.270548,181.918853,6.344742168674699,0.16701174171428573,1.6065984540920561,12.0,291.0,5.0,7442.759999999999
2025-11-28,0.0,0.0,0.0,0.0,10476.0,682.0,236.721005,94.312004,22.596506777395952,0.3470982478005865,2.5099774679795797,13.0,251.0,3.0,2549.76
2025-11-29,0.0,0.0,0.0,0.0,3636.0,593.0,53.33558599999999,160.022651,14.668753025302529,0.08994196627318717,0.33330022760340344,3.0,174.0,6.0,11898.93
2025-11-30,0.0,0.0,0.0,0.0,4140.0,634.0,47.744058,87.020708,11.532381159420291,0.07530608517350158,0.5486516841485592,4.0,261.0,0.0,0.0
2025-12-01,0.0,0.0,0.0,0.0,28513.0,2693.0,90.800939,76.527684,3.1845452600568165,0.033717392870404754,1.1865110016918845,10.0,279.0,0.0,0.0
2025-12-02,0.0,0.0,0.0,0.0,35050.0,3491.0,174.920038,183.578093,4.990585962910129,0.05010599770839301,0.9528372102656062,5.0,251.0,5.0,5861.48
2025-12-03,0.0,0.0,0.0,0.0,45168.0,4064.0,138.591071,389.016684,3.0683464178179243,0.034102133612204724,0.35625996698897366,3.0,255.0,1.0,1061.6
2025-12-04,0.0,0.0,0.0,0.0,39574.0,4162.0,136.804003,393.953424,3.456916232880174,0.032869774867851996,0.3472593323620916,6.0,246.0,2.0,3616.46
2025-12-05,0.0,0.0,0.0,0.0,42932.0,4424.0,144.38665,793.6647740000001,3.363147535637753,0.032637127034358046,0.1819239743655298,1.0,152.0,4.0,2713.5600000000004
2025-12-06,0.0,0.0,0.0,0.0,42352.0,4033.0,156.56187,417.90986100000003,3.6966818568190405,0.038820200843044876,0.37463071492347483,3.0,165.0,2.0,5443.07
2025-12-07,0.0,0.0,0.0,0.0,41030.0,3823.0,152.733005,868.744061,3.722471484279795,0.039951086842793616,0.1758089774152712,2.0,149.0,2.0,6860.889999999999
2025-12-08,0.0,0.0,0.0,0.0,31805.0,2641.0,101.21302299999999,26.941084,3.1822991039144783,0.03832374971601666,3.7568281588075667,5.0,266.0,1.0,2108.76
2025-12-09,0.0,0.0,0.0,0.0,35724.0,2691.0,145.102709,31.900168,4.061771050274325,0.053921482348569305,4.5486503080485345,3.0,235.0,1.0,609.92
2025-12-10,0.0,0.0,0.0,0.0,34234.0,2703.0,130.274026,18.230517,3.8053989016766954,0.048196088050314466,7.145931516917485,3.0,232.0,3.0,3183.64
2025-12-11,0.0,0.0,0.0,0.0,33895.0,2626.0,139.246531,40.364275,4.10817321138811,0.053026097105864436,3.44974686155022,5.0,268.0,3.0,2539.8999999999996
2025-12-12,0.0,0.0,0.0,0.0,37284.0,2511.0,119.160856,44.50109,3.1960319708185816,0.047455538032656314,2.6777064561789388,2.0,269.0,1.0,539.92
2025-12-13,0.0,0.0,0.0,0.0,39660.0,2469.0,124.174002,23.604154,3.1309632375189107,0.050293236938031595,5.260684284639051,4.0,208.0,3.0,5073.8
2025-12-14,0.0,0.0,0.0,0.0,39886.0,2521.0,104.23594,21.426692,2.613346537632252,0.0413470606902023,4.864770539474782,3.0,190.0,3.0,2889.45
2025-12-15,0.0,0.0,0.0,0.0,38014.0,2522.0,111.767603,29.281219999999998,2.9401694901878255,0.04431705114988104,3.8170405126562352,3.0,344.0,1.0,4513.34
2025-12-16,0.0,0.0,0.0,0.0,40728.0,2677.0,109.980331,37.000971,2.700361692201925,0.041083425849831906,2.9723633739233493,5.0,335.0,4.0,8416.220000000001
2025-12-17,0.0,0.0,0.0,0.0,38739.0,2552.0,129.552969,33.006152,3.3442517617904435,0.05076526998432602,3.9251158087134783,4.0,334.0,4.0,6500.9
2025-12-18,0.0,0.0,0.0,0.0,37285.0,2724.0,118.172019,37.999228,3.169425211210943,0.04338179845814978,3.109853152806157,7.0,304.0,5.0,8509.47
2025-12-19,0.0,0.0,0.0,0.0,36805.0,2712.0,117.875066,37.000842,3.202691645156908,0.04346425737463127,3.185740097482106,5.0,271.0,6.0,6882.5599999999995
2025-12-20,0.0,0.0,0.0,0.0,40375.0,2778.0,111.60786,34.001706,2.7642813622291023,0.04017561555075594,3.2824194174257024,3.0,178.0,5.0,6614.219999999999
2025-12-21,0.0,0.0,0.0,0.0,41380.0,2845.0,104.01543099999999,31.003905,2.513664354760754,0.0365607841827768,3.3549138729460046,0.0,171.0,0.0,0.0
2025-12-22,0.0,0.0,0.0,0.0,36727.0,2872.0,141.537071,31.004574,3.8537607482233778,0.04928170995821727,4.565038403688436,6.0,260.0,1.0,2819.97
2025-12-23,0.0,0.0,0.0,0.0,41150.0,3170.0,135.561579,46.056386,3.294327557715674,0.04276390504731861,2.9433829002562204,0.0,262.0,8.0,10990.16
2025-12-24,0.0,0.0,0.0,0.0,105408.0,8915.0,107.68227999999999,134.136314,1.0215759714632664,0.012078775098149187,0.8027824590438648,1.0,191.0,2.0,4672.95
2025-12-25,0.0,0.0,0.0,0.0,134964.0,11209.0,122.11122,132.848213,0.9047688272428204,0.010894033366045143,0.9191784913207678,3.0,148.0,3.0,5677.45
2025-12-26,0.0,0.0,0.0,0.0,127927.0,9894.0,177.234928,155.875673,1.3854380076137172,0.017913374570446734,1.1370275078138716,8.0,239.0,0.0,0.0
2025-12-27,0.0,0.0,0.0,0.0,142387.0,10968.0,217.77845699999997,178.259548,1.5294827266534163,0.019855803884026257,1.221693084288534,5.0,276.0,4.0,9992.93
2025-12-28,0.0,0.0,0.0,0.0,171808.0,12674.0,185.256842,196.300453,1.07827832231328,0.014617077639261481,0.9437412862210767,1.0,216.0,3.0,2914.86
2025-12-29,0.0,0.0,0.0,0.0,196119.0,13152.0,280.182465,181.33035800000002,1.4286349869212058,0.021303411268248175,1.5451492408127268,3.0,456.0,0.0,0.0
2025-12-30,0.0,0.0,0.0,0.0,178906.0,10346.0,215.86574,128.677371,1.2065874816942976,0.020864656872221148,1.677573440632386,10.0,373.0,8.0,11965.34
2025-12-31,0.0,0.0,0.0,0.0,329957.0,14646.0,197.70957,151.520964,0.5991979864042891,0.01349921958213847,1.304833105470475,3.0,231.0,5.0,8801.880000000001
