Date,Clicks,Impressions,CTR,Position
2025-01-31,6,144,4.17%,19.2
2025-02-01,1,117,0.85%,21
2025-02-02,3,100,3%,22.5
2025-02-03,5,146,3.42%,21.7
2025-02-04,2,117,1.71%,20.1
2025-02-05,1,144,0.69%,20.5
2025-02-06,5,115,4.35%,17
2025-02-07,5,105,4.76%,17.3
2025-02-08,2,46,4.35%,18.8
2025-02-09,2,97,2.06%,24.4
2025-02-10,2,114,1.75%,17.1
2025-02-11,7,134,5.22%,19.5
2025-02-12,5,107,4.67%,19.4
2025-02-13,5,150,3.33%,20.7
2025-02-14,5,87,5.75%,20.5
2025-02-15,3,97,3.09%,25.7
2025-02-16,4,103,3.88%,23
2025-02-17,10,172,5.81%,20.1
2025-02-18,11,147,7.48%,15.2
2025-02-19,9,131,6.87%,20.5
2025-02-20,7,158,4.43%,17.3
2025-02-21,11,134,8.21%,19.2
2025-02-22,2,100,2%,17.5
2025-02-23,3,113,2.65%,20.6
2025-02-24,3,136,2.21%,15.7
2025-02-25,4,162,2.47%,19.3
2025-02-26,6,189,3.17%,15.1
2025-02-27,4,169,2.37%,19.3
2025-02-28,3,139,2.16%,17.3
2025-03-01,2,122,1.64%,19.3
2025-03-02,3,104,2.88%,16.2
2025-03-03,9,139,6.47%,13.4
2025-03-04,8,154,5.19%,15.2
2025-03-05,6,154,3.9%,18.3
2025-03-06,4,139,2.88%,21
2025-03-07,13,154,8.44%,19.4
2025-03-08,2,103,1.94%,24.7
2025-03-09,2,91,2.2%,21.7
2025-03-10,4,129,3.1%,17.8
2025-03-11,7,143,4.9%,16.6
2025-03-12,2,133,1.5%,18.8
2025-03-13,12,157,7.64%,24.7
2025-03-14,5,110,4.55%,21.8
2025-03-15,9,105,8.57%,23.6
2025-03-16,9,82,10.98%,23.1
2025-03-17,380,2762,13.76%,11.8
2025-03-18,117,2538,4.61%,15.9
2025-03-19,175,1245,14.06%,20.6
2025-03-20,29,544,5.33%,36.7
2025-03-21,19,323,5.88%,38.1
2025-03-22,3,259,1.16%,41.8
2025-03-23,3,131,2.29%,19.1
2025-03-24,9,247,3.64%,33.1
2025-03-25,5,324,1.54%,40
2025-03-26,1,203,0.49%,40.3
2025-03-27,0,319,0%,49.8
2025-03-28,1,103,0.97%,22
2025-03-29,0,95,0%,27.7
2025-03-30,0,72,0%,27
2025-03-31,4,100,4%,21.4
2025-04-01,9,126,7.14%,17.2
2025-04-02,7,96,7.29%,17.8
2025-04-03,6,167,3.59%,21.6
2025-04-04,6,120,5%,17.3
2025-04-05,2,147,1.36%,19
2025-04-06,1,111,0.9%,20.7
2025-04-07,8,163,4.91%,15.8
2025-04-08,4,111,3.6%,16.2
2025-04-09,8,155,5.16%,17.1
2025-04-10,6,151,3.97%,15.3
2025-04-11,1,133,0.75%,18.1
2025-04-12,0,110,0%,16.9
2025-04-13,6,138,4.35%,16.2
2025-04-14,4,149,2.68%,13.1
2025-04-15,2,130,1.54%,16.5
2025-04-16,1,119,0.84%,15.1
2025-04-17,2,111,1.8%,20.2
2025-04-18,1,108,0.93%,17.1
2025-04-19,4,119,3.36%,17.8
2025-04-20,9,112,8.04%,19.7
2025-04-21,9,181,4.97%,15.6
2025-04-22,5,134,3.73%,16.3
2025-04-23,12,178,6.74%,15.7
2025-04-24,6,170,3.53%,15.7
2025-04-25,3,145,2.07%,17
2025-04-26,8,104,7.69%,19.5
2025-04-27,2,120,1.67%,21.4
2025-04-28,8,144,5.56%,17.3
2025-04-29,17,188,9.04%,16.1
2025-04-30,12,174,6.9%,16.7
2025-05-01,3,150,2%,21.1
2025-05-02,10,150,6.67%,16.4
2025-05-03,2,107,1.87%,24
2025-05-04,4,132,3.03%,21.1
2025-05-05,7,202,3.47%,18
2025-05-06,6,151,3.97%,17.3
2025-05-07,8,210,3.81%,15.5
2025-05-08,1,152,0.66%,17.5
2025-05-09,2,138,1.45%,18.7
2025-05-10,1,108,0.93%,19.5
2025-05-11,1,143,0.7%,18.2
2025-05-12,3,195,1.54%,13.3
2025-05-13,1,92,1.09%,22.1
2025-05-14,4,187,2.14%,16.6
2025-05-15,5,228,2.19%,15.5
2025-05-16,8,198,4.04%,16
2025-05-17,0,169,0%,17.3
2025-05-18,1,125,0.8%,17.7
2025-05-19,2,200,1%,14.1
2025-05-20,5,165,3.03%,14.7
2025-05-21,0,183,0%,16.3
2025-05-22,6,175,3.43%,17.6
2025-05-23,5,171,2.92%,16.9
2025-05-24,5,142,3.52%,18.5
2025-05-25,1,163,0.61%,19
2025-05-26,8,177,4.52%,13.9
2025-05-27,4,184,2.17%,17.6
2025-05-28,4,197,2.03%,18.6
2025-05-29,4,177,2.26%,20.5
2025-05-30,2,149,1.34%,20.1
2025-05-31,5,136,3.68%,26.4
2025-06-01,0,145,0%,20.6
2025-06-02,7,168,4.17%,16
2025-06-03,7,167,4.19%,17.4
2025-06-04,6,208,2.88%,17.8
2025-06-05,3,168,1.79%,19.9
2025-06-06,6,207,2.9%,18.6
2025-06-07,3,138,2.17%,19.8
2025-06-08,1,128,0.78%,25.1
2025-06-09,6,171,3.51%,20.9
2025-06-10,13,152,8.55%,14.1
2025-06-11,4,132,3.03%,19.7
2025-06-12,5,107,4.67%,22.8
2025-06-13,6,129,4.65%,19.3
2025-06-14,5,85,5.88%,21.4
2025-06-15,1,88,1.14%,24.4
2025-06-16,3,114,2.63%,19.3
2025-06-17,6,160,3.75%,17
2025-06-18,9,120,7.5%,15.6
2025-06-19,6,149,4.03%,20.4
2025-06-20,3,153,1.96%,13.4
2025-06-21,4,149,2.68%,21
2025-06-22,3,145,2.07%,21.5
2025-06-23,3,244,1.23%,17.7
2025-06-24,8,170,4.71%,16.8
2025-06-25,5,200,2.5%,20.2
2025-06-26,5,172,2.91%,17.8
2025-06-27,12,148,8.11%,19.1
2025-06-28,4,140,2.86%,20
2025-06-29,1,185,0.54%,22.3
2025-06-30,1,154,0.65%,22.8
2025-07-01,19,209,9.09%,14.1
2025-07-02,3,179,1.68%,16.5
2025-07-03,7,136,5.15%,15.5
2025-07-04,3,127,2.36%,19.6
2025-07-05,2,109,1.83%,23.7
2025-07-06,1,87,1.15%,22.2
2025-07-07,5,151,3.31%,22
2025-07-08,2,104,1.92%,19.2
2025-07-09,4,150,2.67%,28
2025-07-10,4,108,3.7%,14.9
2025-07-11,6,148,4.05%,16.8
2025-07-12,2,95,2.11%,19.4
2025-07-13,3,112,2.68%,22.1
2025-07-14,1,123,0.81%,17.8
2025-07-15,7,134,5.22%,16.2
2025-07-16,10,117,8.55%,18.2
2025-07-17,8,126,6.35%,17.3
2025-07-18,3,81,3.7%,16.6
2025-07-19,2,81,2.47%,23.4
2025-07-20,5,109,4.59%,15.1
2025-07-21,4,123,3.25%,16.2
2025-07-22,3,109,2.75%,14.2
2025-07-23,24,138,17.39%,15.9
2025-07-24,7,73,9.59%,10.9
2025-07-25,12,134,8.96%,13.6
2025-07-26,3,76,3.95%,16.9
2025-07-27,10,74,13.51%,17.9
2025-07-28,11,95,11.58%,13.5
2025-07-29,4,107,3.74%,14.4
2025-07-30,7,90,7.78%,17.2
2025-07-31,8,90,8.89%,18.3
2025-08-01,6,82,7.32%,18.1
2025-08-02,2,57,3.51%,17.2
2025-08-03,1,79,1.27%,18.9
2025-08-04,16,154,10.39%,11
2025-08-05,10,98,10.2%,14.7
2025-08-06,3,78,3.85%,16.4
2025-08-07,6,112,5.36%,14
2025-08-08,7,99,7.07%,13.5
2025-08-09,5,87,5.75%,16.2
2025-08-10,0,51,0%,20.7
2025-08-11,3,81,3.7%,16.6
2025-08-12,10,128,7.81%,15.6
2025-08-13,5,94,5.32%,18.2
2025-08-14,20,110,18.18%,12.7
2025-08-15,1,68,1.47%,19
2025-08-16,1,64,1.56%,16.7
2025-08-17,2,72,2.78%,19.5
2025-08-18,6,114,5.26%,11
2025-08-19,14,145,9.66%,9.4
2025-08-20,4,181,2.21%,16.1
2025-08-21,5,183,2.73%,16.6
2025-08-22,3,182,1.65%,16.4
2025-08-23,3,204,1.47%,16.7
2025-08-24,3,166,1.81%,18.5
2025-08-25,3,212,1.42%,17.9
2025-08-26,6,187,3.21%,17.5
2025-08-27,0,251,0%,19.4
2025-08-28,5,123,4.07%,13.5
2025-08-29,6,128,4.69%,13.6
2025-08-30,5,107,4.67%,14.5
2025-08-31,3,120,2.5%,15
2025-09-01,28,160,17.5%,16.9
2025-09-02,30,144,20.83%,14.4
2025-09-03,20,172,11.63%,15.3
2025-09-04,15,141,10.64%,17.3
2025-09-05,14,161,8.7%,13.5
2025-09-06,5,119,4.2%,17.5
2025-09-07,4,86,4.65%,19.8
2025-09-08,14,161,8.7%,11.5
2025-09-09,15,124,12.1%,13.3
2025-09-10,11,143,7.69%,13.3
2025-09-11,13,126,10.32%,9.4
2025-09-12,12,118,10.17%,6.9
2025-09-13,3,108,2.78%,5.3
2025-09-14,2,71,2.82%,7.1
2025-09-15,6,83,7.23%,7.7
2025-09-16,15,123,12.2%,8.9
2025-09-17,14,154,9.09%,12.7
2025-09-18,21,158,13.29%,8.2
2025-09-19,19,147,12.93%,18.6
2025-09-20,10,100,10%,15.6
2025-09-21,9,91,9.89%,7.8
2025-09-22,15,140,10.71%,9.1
2025-09-23,13,148,8.78%,9.5
2025-09-24,12,160,7.5%,11.7
2025-09-25,10,199,5.03%,10.6
2025-09-26,15,163,9.2%,11.2
2025-09-27,8,148,5.41%,20.5
2025-09-28,6,167,3.59%,21.9
2025-09-29,22,162,13.58%,6.1
2025-09-30,13,217,5.99%,13
2025-10-01,7,152,4.61%,20.8
2025-10-02,9,158,5.7%,16.3
2025-10-03,7,185,3.78%,19.2
2025-10-04,7,139,5.04%,14.2
2025-10-05,7,125,5.6%,17.7
2025-10-06,14,186,7.53%,10.7
2025-10-07,14,244,5.74%,14.4
2025-10-08,5,192,2.6%,13.5
2025-10-09,7,177,3.95%,12.8
2025-10-10,23,117,19.66%,6.7
2025-10-11,4,88,4.55%,7.8
2025-10-12,5,90,5.56%,6.6
2025-10-13,12,151,7.95%,6.4
2025-10-14,12,165,7.27%,7.4
2025-10-15,4,144,2.78%,6.8
2025-10-16,4,143,2.8%,6.8
2025-10-17,12,156,7.69%,6.1
2025-10-18,3,90,3.33%,6.4
2025-10-19,2,75,2.67%,8.3
2025-10-20,5,76,6.58%,7.1
2025-10-21,8,190,4.21%,7.8
2025-10-22,4,134,2.99%,7.1
2025-10-23,3,175,1.71%,7.7
2025-10-24,3,145,2.07%,6.3
2025-10-25,2,64,3.12%,10.6
2025-10-26,1,77,1.3%,8.2
2025-10-27,3,211,1.42%,12.6
2025-10-28,16,152,10.53%,8.2
2025-10-29,5,180,2.78%,8.1
2025-10-30,15,149,10.07%,7.5
2025-10-31,4,153,2.61%,7.3
2025-11-01,5,140,3.57%,8.1
2025-11-02,1,128,0.78%,8.8
2025-11-03,10,189,5.29%,6.7
2025-11-04,5,169,2.96%,8
2025-11-05,8,198,4.04%,6.6
2025-11-06,6,144,4.17%,6.8
2025-11-07,3,199,1.51%,6.4
2025-11-08,3,175,1.71%,7.4
2025-11-09,2,161,1.24%,8.3
2025-11-10,0,253,0%,7.3
2025-11-11,4,310,1.29%,7.2
2025-11-12,3,282,1.06%,7.4
2025-11-13,4,224,1.79%,6.4
2025-11-14,5,194,2.58%,8.4
2025-11-15,3,200,1.5%,8.2
2025-11-16,1,173,0.58%,7.4
2025-11-17,7,238,2.94%,7.4
2025-11-18,11,249,4.42%,6.7
2025-11-19,2,275,0.73%,7.6
2025-11-20,2,253,0.79%,7.4
2025-11-21,3,216,1.39%,6.9
2025-11-22,7,183,3.83%,7
2025-11-23,3,173,1.73%,6.5
2025-11-24,13,242,5.37%,6.1
2025-11-25,10,278,3.6%,7
2025-11-26,6,189,3.17%,7.5
2025-11-27,12,291,4.12%,7.4
2025-11-28,13,251,5.18%,8.2
2025-11-29,3,174,1.72%,9.1
2025-11-30,4,261,1.53%,13.1
2025-12-01,10,279,3.58%,8.2
2025-12-02,5,251,1.99%,8.1
2025-12-03,3,255,1.18%,8
2025-12-04,6,246,2.44%,6.9
2025-12-05,1,152,0.66%,6.5
2025-12-06,3,165,1.82%,7.2
2025-12-07,2,149,1.34%,7.5
2025-12-08,5,266,1.88%,6.6
2025-12-09,3,235,1.28%,7.7
2025-12-10,3,232,1.29%,7.7
2025-12-11,5,268,1.87%,6.8
2025-12-12,2,269,0.74%,7
2025-12-13,4,208,1.92%,7.2
2025-12-14,3,190,1.58%,6
2025-12-15,3,344,0.87%,6.5
2025-12-16,5,335,1.49%,6.3
2025-12-17,4,334,1.2%,7.5
2025-12-18,7,304,2.3%,6.7
2025-12-19,5,271,1.85%,7.3
2025-12-20,3,178,1.69%,6.5
2025-12-21,0,171,0%,8.6
2025-12-22,6,260,2.31%,7.6
2025-12-23,0,262,0%,8.5
2025-12-24,1,191,0.52%,10.7
2025-12-25,3,148,2.03%,8.3
2025-12-26,8,239,3.35%,7.1
2025-12-27,5,276,1.81%,8.7
2025-12-28,1,216,0.46%,8.6
2025-12-29,3,456,0.66%,11.4
2025-12-30,10,373,2.68%,6.8
2025-12-31,3,231,1.3%,8