Top queries,Clicks,Impressions,CTR,Position
Cliente_A,599,4450,13.46%,5.46
Cliente_A seguros,337,1354,24.89%,1.01
seguros Cliente_A,233,885,26.33%,1
seguro por kilometro,126,551,22.87%,8.82
Cliente_A guatemala,98,333,29.43%,1.05
seguro Cliente_A,53,153,34.64%,1.05
seguro por kilometro guatemala,25,73,34.25%,1
Cliente_A seguro,14,51,27.45%,1
seguros ya,8,55,14.55%,13.24
seguro por km,8,54,14.81%,38.39
seguros por kilometros,7,155,4.52%,1.35
seguro para moto guatemala,7,129,5.43%,9.9
seguros,6,1902,0.32%,16.03
seguro de carro por kilometro,6,24,25%,1
Cliente_A app,6,18,33.33%,2.44
seguro por kilometraje,5,34,14.71%,19.26
Cliente_A Cliente_A,5,32,15.62%,12.19
seguros por kilometro,5,23,21.74%,1.3
Cliente_A telefono,5,17,29.41%,1.53
seguro contra terceros guatemala,4,189,2.12%,8.49
cotizar seguro de auto guatemala,4,112,3.57%,9.33
seguro de auto por kilometro,4,63,6.35%,46.27
seguro por kilómetro,4,30,13.33%,24.93
glob Cliente_A,4,29,13.79%,2.07
Cliente_A gyt,4,5,80%,1
seguros para motos en guatemala,3,189,1.59%,8.11
seguro para moto,3,167,1.8%,7.26
seguro para motos guatemala,3,162,1.85%,9.75
seguro de moto,3,137,2.19%,7.93
Cliente_A.com,3,85,3.53%,7.52
seguros vehiculos guatemala,3,35,8.57%,13.06
seguro por km recorrido,3,21,14.29%,30.33
Cliente_A numero,3,11,27.27%,8.36
seguros por kilometraje,3,10,30%,1
seguros guatemala,2,1430,0.14%,22.81
seguro de carro,2,1260,0.16%,16.91
aseguradoras en guatemala,2,685,0.29%,30.11
seguro para carro,2,328,0.61%,22.52
seguro de auto por kilómetro,2,257,0.78%,61.98
seguros para carros precios guatemala,2,253,0.79%,4.74
aseguradora por kilometro,2,198,1.01%,65.13
seguros de moto guatemala,2,131,1.53%,6.82
seguro carro,2,124,1.61%,9.45
seguro moto guatemala,2,86,2.33%,9.09
seguros para motos precios guatemala,2,66,3.03%,13.58
seguros de vehiculos guatemala,2,59,3.39%,8.98
globo Cliente_A,2,55,3.64%,1.69
seguros para terceros,2,51,3.92%,8.27
seguro moto,2,39,5.13%,8.46
seguro vehiculo guatemala,2,23,8.7%,14.17
Cliente_A. com,2,16,12.5%,2.94
seguro por kilometros,2,15,13.33%,32.47
seguro vehicular guatemala,2,13,15.38%,14.08
seguro clientea_app,2,7,28.57%,5.14
seguro para auto por kilometro,2,4,50%,2
seguros de carros guatemala,2,4,50%,11.5
seguros en guatemala,1,509,0.2%,21.94
seguros para carros,1,382,0.26%,25.36
seguro para carro guatemala,1,265,0.38%,10.62
cotizar seguro de auto,1,217,0.46%,13.31
seguros para motos,1,205,0.49%,8.83
Cliente_A com,1,194,0.52%,8.81
seguros para vehículos,1,98,1.02%,28.85
que es Cliente_A,1,97,1.03%,7.54
seguros de carro guatemala,1,81,1.23%,9.07
seguros para vehiculos guatemala,1,80,1.25%,6.86
seguro de carro guatemala,1,77,1.3%,9.81
cuanto cuesta un seguro de auto en guatemala,1,72,1.39%,9.47
seguro gyt,1,70,1.43%,9.07
aseguradoras de guatemala,1,69,1.45%,34.46
cotizador de seguros de auto,1,67,1.49%,9.78
seguros de carro,1,66,1.52%,12.18
aseguradoras guatemala,1,66,1.52%,30.74
aseguradoras de vehiculos en guatemala,1,65,1.54%,9.23
seguros para moto,1,61,1.64%,10.69
seguros para carros guatemala,1,58,1.72%,11.45
seguro de motos,1,57,1.75%,6.98
seguro auto por kilometro,1,33,3.03%,54.06
seguros para motos guatemala,1,29,3.45%,9.48
glow Cliente_A,1,24,4.17%,2.33
Cliente_A!,1,23,4.35%,2.04
Cliente_A tap,1,20,5%,6.95
seguros para moto guatemala,1,19,5.26%,13.05
cual es el mejor seguro de autos en guatemala,1,19,5.26%,22.42
seguro de auto digital,1,17,5.88%,59.71
seguro carro guatemala,1,13,7.69%,11.69
cotizar seguros,1,10,10%,8
seguro x kilometro,1,9,11.11%,1.56
seguro de auto en guatemala,1,9,11.11%,11.67
Cliente_A login,1,8,12.5%,1
cotiza seguro de auto,1,8,12.5%,7.88
seguro motocicleta guatemala,1,8,12.5%,21.38
seguros vehiculos,1,8,12.5%,23.5
seguro de vehiculo guatemala,1,7,14.29%,15.71
seguro ya,1,7,14.29%,20.57
precio de seguro de motos en guatemala,1,6,16.67%,29.83
seguros por kilometros recorridos,1,5,20%,1
seguro de vehículo precio,1,5,20%,4.6
cotizar seguro daños a terceros,1,5,20%,6.2
cotizador de seguros online,1,5,20%,10.2
seguros por km,1,4,25%,1
seguro daño a terceros,1,4,25%,3
seguro online,1,4,25%,4.5
seguro de carro daños a terceros,1,4,25%,8.75
seguro cotizar,1,4,25%,12.5
seguro de motos guatemala,1,4,25%,32.5
.com.gt,1,4,25%,126.75
app Cliente_A,1,3,33.33%,2
cotizador seguro moto,1,3,33.33%,6
asegura tu moto,1,3,33.33%,6.33
seguro por kilómetros,1,3,33.33%,19.67
seguro para motocicleta guatemala,1,3,33.33%,20.33
seguros para auto,1,3,33.33%,21.33
seguro para carro 2004,1,2,50%,7
cotiza tu seguro de moto,1,2,50%,8
seguro de autos cotizador,1,2,50%,9
seguro de vehiculo en guatemala,1,2,50%,9
seguro por meses para coche,1,1,100%,2
seguros clientea_app,1,1,100%,3
seguro para moto por mes,1,1,100%,4
cotizador moto,1,1,100%,5
seguro online auto,1,1,100%,7
seguros moto guatemala,1,1,100%,11
seguros motos guatemala,1,1,100%,33
cotizacion de seguros para autos,0,479,0%,13.56
seguros de carros,0,469,0%,20.91
aseguradora guatemalteca,0,425,0%,30.33
aseguradoras de coches,0,419,0%,19.73
seguro de auto,0,413,0%,25.24
seguros de auto,0,336,0%,16.08
seguros de coche,0,313,0%,31.93
bancos con asistencia para automóviles y motos,0,306,0%,49.45
seguros de autos,0,258,0%,29.24
seguro de auto por kilometro recorrido,0,236,0%,63.47
seguros para vehiculos,0,220,0%,35.02
seguros de aumomoviles,0,210,0%,42.32
seguros para autos,0,209,0%,25.68
seguro para autos por kilometros,0,193,0%,65.88
seguros gyt,0,191,0%,9.31
ruta 2 2-39 zona 4,0,186,0%,8.04
que significa Cliente_A,0,176,0%,10.51
seguro para vehiculo,0,163,0%,25.69
seguro de carros,0,160,0%,14.16
seguro de automóvil,0,152,0%,45.98
poliza de vehiculos,0,146,0%,45.29
asegurar carros en guatemala,0,143,0%,5.7
seguro automotriz por kilometraje,0,135,0%,71.84
seguro de moto guatemala,0,131,0%,9.08
seguro de vehiculo,0,131,0%,26.89
seguros de vehiculos,0,122,0%,30.22
seguro de vehículo,0,121,0%,20.54
seguros para vehiculos precios,0,115,0%,32.52
seguro g&t,0,113,0%,16.23
seguro automotor,0,112,0%,17.36
seguros carros,0,110,0%,22.56
seguro para auto,0,106,0%,21.11
seguros para autos por kilometraje,0,106,0%,64.49
seguro de auto cotizacion,0,102,0%,15.1
seguros para carros precios,0,98,0%,25.11
seguros de automotores,0,97,0%,16.22
gyt,0,93,0%,59.6
seguro,0,90,0%,10.41
seguro vehicular,0,90,0%,11.91
auto seguros,0,89,0%,21.63
contratar seguro de auto,0,87,0%,52.83
precio de seguros de autos guatemala,0,86,0%,10.67
planes de seguros conseguros,0,86,0%,69.94
seguro automovil,0,85,0%,49.19
grua Cliente_A,0,74,0%,6.16
motos guatemala,0,72,0%,82.39
seguro facil,0,71,0%,6.83
cobertura conseguros,0,68,0%,61.09
seguros para autos guatemala,0,64,0%,11.75
coche guatemala,0,61,0%,83.56
seguros de moto,0,59,0%,8.02
seguros para motos guatemala precios,0,57,0%,13.51
precio seguro vehiculo,0,57,0%,67.68
que significa this and Cliente_A,0,56,0%,9.95
asistencia vial para automóviles y motos,0,56,0%,70.18
guatemala motos,0,55,0%,89.22
seguro gt,0,52,0%,9.25
seguro de automotores,0,51,0%,26.9
seguro para motos,0,50,0%,7.96
seguros para vehiculos en guatemala,0,50,0%,16.6
Cliente_A que es,0,49,0%,7.94
seguro tradicional,0,49,0%,24.41
seguros de guatemala,0,47,0%,18.68
aseguradora,0,47,0%,83.79
seguro guatemala,0,44,0%,7.07
seguro daños a terceros,0,44,0%,8.86
daños a terceros,0,40,0%,7.45
seguros por pagar,0,40,0%,8.93
seguros para carro,0,40,0%,13.12
seguro de auto por millas,0,40,0%,37.4
asegurate facil,0,39,0%,4.85
seguro gyt medico,0,37,0%,53.41
seguro de vehiculos guatemala,0,36,0%,14.58
moto en guatemala,0,36,0%,81.61
seguro de transporte en guatemala,0,36,0%,91
guatemala es seguro,0,35,0%,61.49
seguro de autos por kilómetros,0,35,0%,68.91
www.Cliente_A,0,34,0%,6.12
seguro todo riesgo,0,33,0%,8.67
seguros de daños a terceros,0,33,0%,20.33
precio motos guatemala,0,32,0%,87.34
seguro contra daños a terceros,0,31,0%,9.1
cotizacion auto,0,31,0%,9.55
cuanto cuesta un seguro para moto en guatemala,0,31,0%,12.26
seguro automovilistico,0,30,0%,8.4
Cliente_A que significa,0,30,0%,8.5
aseguradoras todo riesgo,0,29,0%,15.45
seguro de autos daños a terceros,0,29,0%,18.45
seguros de auto por kilómetro,0,29,0%,64.76
mejor seguro para moto guatemala,0,28,0%,2.43
seguro por daños a terceros,0,27,0%,8.33
gyt continental,0,27,0%,31.48
seguro de vida tradicional,0,27,0%,75.63
para seguros,0,26,0%,6.27
auto Cliente_A,0,26,0%,8.15
gyt seguro carro,0,26,0%,10.58
seguro de terceros,0,26,0%,23.46
precios de motos en guatemala,0,26,0%,87.69
daños a terceros seguro,0,25,0%,7.36
seguro seguros,0,25,0%,39.72
cotizar seguro de carro online,0,25,0%,90.12
seguros moto,0,24,0%,7.62
Cliente_A Cliente_A telefono,0,24,0%,9.83
poliza de seguro daños a terceros,0,24,0%,10.04
g&t,0,24,0%,26
digital guatemala,0,24,0%,40.92
llantas en guatemala,0,24,0%,59.46
seguro de auto por km,0,24,0%,61.88
seguro daños,0,24,0%,62.21
seguro vehicular por kilometraje,0,24,0%,63.12
seguro por meses moto,0,24,0%,94.58
pago seguro,0,23,0%,37.09
auto asegurado,0,23,0%,44.35
seguro de auto por kilómetros,0,23,0%,72.09
logo Cliente_A,0,22,0%,7.68
gt seguros,0,22,0%,8.45
tap Cliente_A,0,22,0%,9.14
seguros gyt vehiculos,0,22,0%,13.32
g&t continental,0,22,0%,36.91
llantas guatemala,0,22,0%,64.95
seguros de auto guatemala,0,21,0%,9.71
seguro para vehiculos guatemala,0,21,0%,20.38
aseguradora guatemala,0,21,0%,25
seguro vital 24,0,21,0%,39.76
seguro para carros,0,21,0%,40.76
motos por pagos guatemala,0,21,0%,63.05
carro de guatemala,0,21,0%,70.1
cotizar seguro,0,20,0%,6.1
gyt seguros,0,20,0%,8.85
glou Cliente_A,0,19,0%,4.42
seguro para carro precio,0,19,0%,8.53
precio de seguro de autos,0,19,0%,10.58
yao Cliente_A,0,18,0%,2.44
precio de seguro para moto en guatemala,0,18,0%,10.72
seguro de motocicleta,0,18,0%,12.28
seguro por kilometro recorrido,0,18,0%,45.67
seguradoras de carros,0,18,0%,79.11
comprar moto guatemala,0,18,0%,84.44
Cliente_A logo,0,17,0%,4.41
seguro para carros precio,0,17,0%,7.88
qué significa Cliente_A,0,17,0%,8.71
g&t auto,0,17,0%,52.76
kilometro,0,17,0%,58.71
carros guatemala,0,17,0%,81.24
seguro a terceros,0,16,0%,9.38
seguros g&t,0,16,0%,9.75
seguro gyt carro,0,16,0%,12.06
seguro todo,0,16,0%,12.44
aseguradoras de carros,0,16,0%,23.75
seguro a todo riesgo precio,0,16,0%,28.56
seguro a terceros auto,0,16,0%,62.88
aseguradora seguros,0,16,0%,63.19
clientea_app,0,16,0%,70.38
cotizador de seguros,0,15,0%,7.33
seguros de autos guatemala,0,15,0%,9.53
póliza de guatemala,0,15,0%,9.87
precio de seguro para moto,0,15,0%,9.93
seguro de daños a terceros,0,15,0%,12.2
seguro de vehiculos,0,15,0%,35.4
seguros de motos,0,14,0%,8.43
seguros carro,0,14,0%,8.93
q significa Cliente_A,0,14,0%,9.86
precio de un seguro para motos en guatemala,0,14,0%,10.5
cuanto vale un seguro para moto en guatemala,0,14,0%,10.93
seguro contra daños,0,14,0%,11.14
seguro daños a terceros guatemala,0,14,0%,12.5
riesgo seguro,0,14,0%,56.14
cotiza y contrata,0,14,0%,69
seguro terceros auto,0,14,0%,74.57
pago de seguros,0,14,0%,75.64
seguro de caro,0,14,0%,85.29
motos en guatemala,0,14,0%,90.71
seguros de motocicletas,0,13,0%,5.85
seguro de carro precio,0,13,0%,6.54
seguro para terceros auto,0,13,0%,7.69
seguro para motocicleta,0,13,0%,8.38
precio de seguros para motos guatemala,0,13,0%,12.85
gruas guatemala,0,13,0%,46.38
seguros motocicleta,0,12,0%,6.75
seguros a terceros,0,12,0%,8.75
significado de Cliente_A,0,12,0%,9.92
seguro contra terceros,0,12,0%,10.83
seguros gyt moto,0,12,0%,10.92
seguro contra terceros guatemala precio,0,12,0%,11.25
seguro de carro en guatemala,0,12,0%,11.42
poliza de carro,0,12,0%,11.5
seguro para vehiculos,0,12,0%,28
llantas continental guatemala,0,12,0%,28.17
logo_clientea,0,12,0%,36.42
g&t continental telefono,0,12,0%,47.42
seguro de auto por kilometraje,0,12,0%,52.5
llantas guatemala precios,0,12,0%,66.67
seguros de auto por kilometro,0,12,0%,79.25
Cliente_A auto,0,11,0%,4.18
seguro motocicleta,0,11,0%,7.09
precio de seguros para motos,0,11,0%,7.82
poliza de auto,0,11,0%,10.09
aseguradoras de carros en guatemala,0,11,0%,10.55
seguros gyt para motos,0,11,0%,10.82
numero Cliente_A,0,11,0%,11.18
que significa Cliente_A en whatsapp,0,11,0%,11.73
seguros de carros en guatemala,0,11,0%,14.73
gyt telefono,0,11,0%,20.73
gruas guatemala zona 7,0,11,0%,56.64
continental carros,0,11,0%,56.73
carro gt,0,11,0%,60.18
grúas guatemala precio,0,11,0%,82.82
Cliente_A yao,0,10,0%,1.6
seguro de carro por mes,0,10,0%,4.8
cotizar seguros de autos,0,10,0%,6
seguros para motocicleta,0,10,0%,6.8
cotizar seguro moto,0,10,0%,6.9
cotizar seguro de moto,0,10,0%,7.6
seguro para terceros,0,10,0%,9.5
seguros para autos daños a terceros precios,0,10,0%,9.5
seguro de auto guatemala,0,10,0%,10
seguro de carro gyt,0,10,0%,11.4
seguros gyt autos,0,10,0%,11.6
seguro para autos,0,10,0%,13
seguro para vehículo,0,10,0%,23.1
g&t guatemala,0,10,0%,23.7
seguro vehiculo,0,10,0%,26.2
seguros de autos por kilometraje,0,10,0%,57.3
carros electricos guatemala,0,10,0%,81.6
motos en guatemala precios,0,10,0%,93.9
precios moto en guatemala,0,10,0%,94.7
mejores seguros de autos en guatemala,0,9,0%,2.44
Cliente_A.,0,9,0%,3.78
asegurar carro,0,9,0%,6.56
seguros de daños,0,9,0%,7.67
aseguradora para motos,0,9,0%,8.22
poliza seguro todo riesgo,0,9,0%,8.56
aseguradora de carros,0,9,0%,9.22
seguro de grua,0,9,0%,9.44
seguro de autos guatemala,0,9,0%,12.11
www gyt com gt,0,9,0%,25.56
seguro para automovil,0,9,0%,31.67
cuanto cuesta el seguro de un carro,0,9,0%,33.67
seguros familiares guatemala,0,9,0%,45.33
seguros por mes,0,9,0%,45.33
llantas guatemala com gt,0,9,0%,47.22
www gyt,0,9,0%,49.44
continental guatemala,0,9,0%,51.33
seguro proteccion de precio,0,9,0%,72.56
mejores seguros de guatemala,0,9,0%,83.44
somos guatemala,0,9,0%,87
seguro de auto pago por km,0,9,0%,91.78
rapido y seguro,0,8,0%,1.5
cloup Cliente_A,0,8,0%,2.25
aseguradora de motos,0,8,0%,5.5
seguros automotrices,0,8,0%,6.88
precio de seguro de moto,0,8,0%,8.25
seguros contra terceros guatemala,0,8,0%,9.62
poliza a terceros,0,8,0%,10.25
seguros gyt carro,0,8,0%,12.5
gyt servicio al cliente,0,8,0%,18.75
seguro de vehículos en guatemala,0,8,0%,19.38
seguros de vehículos,0,8,0%,20.88
seguro auto,0,8,0%,22
g&t continental guatemala,0,8,0%,22.75
hyg corredores de seguros,0,8,0%,22.75
cotizar seguro carro,0,8,0%,24.5
g&t telefono,0,8,0%,24.75
numero gyt,0,8,0%,24.75
seguros continental,0,8,0%,40.5
seguro de vida guatemala,0,8,0%,43.5
carro guatemala,0,8,0%,55.38
blindaje de carros guatemala,0,8,0%,74.75
blindaje vehicular guatemala,0,8,0%,81.62
autos guatemala,0,8,0%,81.88
seguro ciclomotor por meses,0,8,0%,98.38
cotización de seguro de auto,0,7,0%,6.43
cotizacion seguro auto,0,7,0%,7.86
cotizador de seguros moto,0,7,0%,7.86
cual es la poliza de una moto,0,7,0%,7.86
gt Cliente_A,0,7,0%,8.29
cuanto vale un seguro para carro,0,7,0%,8.57
cuanto cuesta un seguro a terceros en guatemala,0,7,0%,11.29
seguro de moto gyt,0,7,0%,13.14
servicio al cliente gyt,0,7,0%,18.43
seguro de moto en guatemala,0,7,0%,20.43
seguro contra todo riesgo precio,0,7,0%,20.71
numero de gyt,0,7,0%,23.43
auto gt,0,7,0%,33.29
seguro continental,0,7,0%,53.43
gyt numero,0,7,0%,57.57
motorola guatemala,0,7,0%,57.86
cerradura de moto,0,7,0%,65.71
seguro de auto por kilometros,0,7,0%,72.29
auto guatemala,0,7,0%,75.86
seguros por meses,0,7,0%,93.43
clou Cliente_A,0,6,0%,1
cloud Cliente_A,0,6,0%,3.83
q es Cliente_A,0,6,0%,5.33
cuanto se paga por un seguro de auto,0,6,0%,6.17
cotizar seguro auto,0,6,0%,6.5
clientea_app guatemala,0,6,0%,6.83
cotizador seguro,0,6,0%,8.33
cuanto cobra una aseguradora de autos,0,6,0%,8.5
precio de seguro de autos daños a terceros,0,6,0%,8.5
seguros car,0,6,0%,8.5
cotizador seguros,0,6,0%,9.17
significado Cliente_A,0,6,0%,9.17
seguro de daños,0,6,0%,10
seguro para moto guatemala precio,0,6,0%,10.33
seguros para,0,6,0%,10.67
seguros vehiculares,0,6,0%,11
seguro de moto g&t,0,6,0%,12.5
seguros de autos en guatemala,0,6,0%,13.5
precios de seguros para autos,0,6,0%,14
seguro todo riesgo carro,0,6,0%,19
seguro contra todo,0,6,0%,19.17
seguros para moto en guatemala,0,6,0%,19.5
seguro para vehículos en guatemala,0,6,0%,20.17
seguros para vehiculo,0,6,0%,21.5
assa daños a terceros,0,6,0%,21.67
www gyt continental,0,6,0%,22
seguro para vehículos,0,6,0%,22.67
g t continental,0,6,0%,26.17
seguro en guatemala,0,6,0%,27.33
seguro de automovil,0,6,0%,32
gyt online,0,6,0%,38.17
automovil seguro,0,6,0%,39.67
aseguradora en guatemala,0,6,0%,54.33
logo de aseguradoras,0,6,0%,59.17
sombrilla guatemala,0,6,0%,61.5
cotizar seguro de carro,0,6,0%,63.83
seguro de coche por kilometros,0,6,0%,70.5
seguro daños a terceros precio,0,6,0%,79.33
grua auto,0,6,0%,91.67
seguro antirrobo moto,0,5,0%,2.2
seguro por,0,5,0%,2.4
seguro digital,0,5,0%,2.8
Cliente_A box,0,5,0%,4
cotizar seguro vehiculo,0,5,0%,4.8
seguros de robo para motos,0,5,0%,5
cotización de seguro de moto,0,5,0%,5.4
número de teléfono de jacob,0,5,0%,5.8
seguro carros,0,5,0%,7.6
cotizador de seguro,0,5,0%,7.8
seguros para autos terceros completos,0,5,0%,8.4
seguro automotriz,0,5,0%,8.8
seguros p,0,5,0%,8.8
Cliente_A tool,0,5,0%,8.8
cotizar seguro vehicular,0,5,0%,9
seguros de motor,0,5,0%,10
seguro para moto gyt,0,5,0%,10.2
seguros daños a terceros,0,5,0%,10.4
vehículos seguros,0,5,0%,10.6
seguro a terceros precio guatemala,0,5,0%,12.4
cuanto cuesta un seguro de moto en guatemala,0,5,0%,17
seguros para carros en guatemala,0,5,0%,17.6
www gyt continental com gt,0,5,0%,17.6
cuanto cuesta un seguro de carro en guatemala,0,5,0%,18
aseguradoras de vehículos en guatemala,0,5,0%,18.4
cuanto cuesta un seguro para carro en guatemala,0,5,0%,18.6
seguro de moto por kilometro,0,5,0%,27.8
seguro para motos en guatemala,0,5,0%,38.4
seguros por km recorrido,0,5,0%,40.8
seguro por kilometro moto,0,4,0%,1.5
precio de un seguro para moto,0,4,0%,2.5
aseguradora de moto,0,4,0%,3
seguro de moto económico,0,4,0%,3.25
un Cliente_A,0,4,0%,3.25
seguro de auto por mes,0,4,0%,3.5
cotización de seguro,0,4,0%,3.75
seguro accidentes moto,0,4,0%,3.75
cotización seguro auto,0,4,0%,5.75
seguro completo para motos,0,4,0%,5.75
seguros por,0,4,0%,6
cotizacion de seguro de auto,0,4,0%,6.25
cotizar seguro de vehiculo,0,4,0%,6.25
seguro de automovil por mes,0,4,0%,6.25
seguro para daños a terceros,0,4,0%,6.25
seguro todo riesgo moto,0,4,0%,6.25
seguros de vehículos guatemala,0,4,0%,6.25
seguros motos,0,4,0%,6.25
auto seguro,0,4,0%,6.5
daño a terceros,0,4,0%,6.5
car seguros,0,4,0%,6.75
cotiza tu seguro,0,4,0%,6.75
seguros todo riesgo,0,4,0%,6.75
seguro de motos precios,0,4,0%,7.25
aseguranza de carro,0,4,0%,7.75
ah seguro,0,4,0%,8
poliza todo riesgo,0,4,0%,8
seguro para motos precio,0,4,0%,8.25
segurod,0,4,0%,8.25
asegúrate,0,4,0%,8.5
cotizacion seguro,0,4,0%,8.5
tu seguro,0,4,0%,8.5
cotización de seguro para moto,0,4,0%,8.75
i Cliente_A,0,4,0%,8.75
clientea_app en guatemala,0,4,0%,8.75
asistencia automotriz,0,4,0%,9
poliza contra terceros,0,4,0%,9
aseguradora automotriz,0,4,0%,9.25
seguros para motocicletas,0,4,0%,9.25
aseguradoras para autos,0,4,0%,9.75
seguro en linea,0,4,0%,9.75
www.seguros,0,4,0%,10.25
seguros en linea,0,4,0%,10.5
mejor seguro de auto guatemala,0,4,0%,11.25
seguro de moto daños a terceros,0,4,0%,11.25
seguro de vehículos guatemala,0,4,0%,11.25
pago de seguro de moto,0,4,0%,11.5
precio de un seguro para moto en guatemala,0,4,0%,11.75
seguro para moto daños a terceros,0,4,0%,11.75
auto segura,0,4,0%,12
g&t pbx,0,4,0%,12
seguro de daños a terceros guatemala,0,4,0%,12.75
logo seguros gyt,0,4,0%,13
seguro automovil guatemala,0,4,0%,14.5
seguros de moto en guatemala,0,4,0%,19.75
seguro para moto en guatemala,0,4,0%,21
seguros contra terceros,0,4,0%,23.5
seguro de guatemala,0,4,0%,27.25
seguro a terceros guatemala,0,4,0%,28.75
cotizador de seguros en linea,0,4,0%,29.25
seguros de terceros,0,4,0%,29.25
precio del seguro,0,4,0%,38.5
precio de seguro a todo riesgo,0,4,0%,39
precios de seguros en guatemala,0,4,0%,42
aseguradora de guatemala,0,4,0%,47.5
taxis usados,0,4,0%,50
seguros ideal,0,4,0%,53.25
pago seguros,0,4,0%,58.75
seguro de viaje guatemala,0,4,0%,63
seguro de auto por km recorrido,0,4,0%,70.75
Cliente_A Cliente_A Cliente_A,0,4,0%,71.25
moto guatemala,0,4,0%,77.5
agencias de seguros de carros,0,4,0%,87.5
coche sombrilla,0,4,0%,88.25
calcular seguro coche,0,4,0%,92.75
seguro de auto daños a terceros,0,4,0%,94.5
aseguranza de carro en guatemala,0,3,0%,1
glop Cliente_A,0,3,0%,1.67
jap seguros,0,3,0%,2
por kilómetro,0,3,0%,2.67
Cliente_A car,0,3,0%,2.67
seguro para grua,0,3,0%,3.33
cotización de seguros de auto,0,3,0%,3.67
daño a terceros seguro,0,3,0%,3.67
seguro m,0,3,0%,3.67
cuanto cuesta un seguro para carro,0,3,0%,4
aseguradoras de motos,0,3,0%,4.33
carro protegido,0,3,0%,4.67
seguro de auto todo riesgo,0,3,0%,5
seguros m,0,3,0%,5
aseguradoras de autos,0,3,0%,5.33
seguro auto guatemala,0,3,0%,5.67
kredy Cliente_A,0,3,0%,6
precio de un seguro vehicular,0,3,0%,6
seguros de grua,0,3,0%,6.33
aseguradora moto,0,3,0%,6.67
asistencia vial para motos,0,3,0%,6.67
pbx gyt continental,0,3,0%,6.67
seguros para el carro,0,3,0%,6.67
cobertura para moto,0,3,0%,7
póliza de seguro moto,0,3,0%,7
seguro de motor,0,3,0%,7
seguro motos,0,3,0%,7
seguros para autos precios,0,3,0%,7
cotizar seguro online,0,3,0%,7.33
que cuesta un seguro todo riesgo para moto,0,3,0%,7.67
Cliente_A significado,0,3,0%,7.67
aseguradora para moto,0,3,0%,8
cotiza seguro,0,3,0%,8
cotizacion de seguros,0,3,0%,8
comprar seguro para auto,0,3,0%,8.33
cotizador de seguros de autos,0,3,0%,8.33
cuanto cuesta el seguro de daños a terceros,0,3,0%,8.33
seguro de auto para terceros,0,3,0%,8.33
seguros vehicular,0,3,0%,8.33
cotiza seguro en linea,0,3,0%,8.67
cotiza ya,0,3,0%,8.67
cotizador de seguro de autos,0,3,0%,8.67
poliza de automoviles,0,3,0%,8.67
por km,0,3,0%,8.67
seguro de todo riesgo,0,3,0%,8.67
seguros de gruas,0,3,0%,8.67
seguros g y t,0,3,0%,8.67
aseguradora todo riesgo,0,3,0%,9
daños terceros,0,3,0%,9
distintas gt,0,3,0%,9
seguro fácil,0,3,0%,9
seguro de moto precio,0,3,0%,9.33
seguros para autos daños a terceros,0,3,0%,9.33
aseguradoras de moto,0,3,0%,9.67
cotizacion de seguro,0,3,0%,9.67
cotizar seguro de carro en linea,0,3,0%,9.67
cotizar soat,0,3,0%,9.67
kilometraje guatemala,0,3,0%,9.67
seguros gyt zona 4,0,3,0%,9.67
y.a.p,0,3,0%,9.67
cotizar seguro para carro,0,3,0%,10
seguro de gruas,0,3,0%,10
seguros de vehículos en guatemala,0,3,0%,10
seguro del carro,0,3,0%,10.67
seguros vehiculo,0,3,0%,10.67
suguros,0,3,0%,10.67
donde puedo comprar seguro de moto,0,3,0%,11
precio de seguros para autos,0,3,0%,11
seguos,0,3,0%,11
this and Cliente_A que significa,0,3,0%,11
seguros a terceros guatemala,0,3,0%,11.33
aseguradora carro,0,3,0%,11.67
carro seguro,0,3,0%,11.67
seguros gyt logo,0,3,0%,11.67
seguros.,0,3,0%,11.67
sefuros,0,3,0%,12.33
seguro de vehiculo gyt,0,3,0%,12.33
seguros gut,0,3,0%,12.33
seguro para carros guatemala,0,3,0%,13.33
banco g y t continental,0,3,0%,13.67
seguros carros guatemala,0,3,0%,14
el Cliente_A,0,3,0%,14.67
seguros de vehiculos en guatemala,0,3,0%,15.33
continental seguro vehicular,0,3,0%,15.67
precio de seguro de moto en guatemala,0,3,0%,17
costo de seguro de moto en guatemala,0,3,0%,17.33
gyt seguro,0,3,0%,18.33
seguro vehículo,0,3,0%,18.67
precio de seguro de carro en guatemala,0,3,0%,19
cuánto cuesta un seguro para moto en guatemala,0,3,0%,19.67
gyt guatemala,0,3,0%,20.33
cuánto cuesta un seguro de moto en guatemala,0,3,0%,21
seguro de autos,0,3,0%,27.67
cuanto cuesta un seguro en guatemala,0,3,0%,31
costos de seguro,0,3,0%,31.67
clientea_app app,0,3,0%,32
precio de seguro en guatemala,0,3,0%,33
seguros de motos guatemala,0,3,0%,33
seguro de vehículos,0,3,0%,34
seguro vehiculos,0,3,0%,34
Cliente_A y,0,3,0%,34.67
gyt app,0,3,0%,35.33
seguro de la moto,0,3,0%,37
seguros g&t guatemala,0,3,0%,40.67
precio de llantas en guatemala,0,3,0%,56
clientea_app clientea_app,0,3,0%,58.67
cuanto cuesta un seguro de moto,0,3,0%,63.67
ya ya Cliente_A,0,3,0%,64.67
danos a terceros,0,3,0%,70.67
gt carro,0,3,0%,76.33
carros en guatemala,0,3,0%,80.33
precio de carros en guatemala,0,3,0%,81.33
empresas de seguros en guatemala,0,3,0%,82.67
numero de emergencia guatemala,0,3,0%,89.67
pagos seguros,0,3,0%,90.67
seguros por un mes,0,3,0%,91.67
continental autos,0,3,0%,92.67
assa seguro de autos,0,3,0%,97
precio de gruas para autos,0,3,0%,97
carro automóvil,0,3,0%,97.33
cuanto cuesta un seguro de auto daños a terceros,0,3,0%,97.33
aseguradoras para motos,0,2,0%,1
donde puedo pagar el seguro de mi auto,0,2,0%,1
mi futura moto,0,2,0%,1
precio de seguro,0,2,0%,1
precio de seguro de vehiculo,0,2,0%,1
seguro pago por kilometro,0,2,0%,1
seguro por robo de moto,0,2,0%,1
seguro todo riesgo moto precio,0,2,0%,1
seguros de la moto,0,2,0%,1
Cliente_A?,0,2,0%,1
astra Cliente_A,0,2,0%,1.5
seguro vehiculo online,0,2,0%,1.5
y Cliente_A,0,2,0%,1.5
cotiza seguro todo riesgo,0,2,0%,2
que es un Cliente_A,0,2,0%,2
rápido y seguro,0,2,0%,2
Cliente_A me,0,2,0%,2
Cliente_A solo,0,2,0%,2
aseguradora general guatemala,0,2,0%,2.5
precio seguro daños a terceros,0,2,0%,2.5
seguro carro digital,0,2,0%,2.5
seguro km,0,2,0%,2.5
aseguradora la ceiba,0,2,0%,3
aseguradora motos,0,2,0%,3
cotizador de seguros de motos,0,2,0%,3
seguro p,0,2,0%,3
Cliente_A about it,0,2,0%,3
zonitascap y Cliente_A,0,2,0%,3
cotizar seguro de auto online,0,2,0%,3.5
seguro de moto barato,0,2,0%,3.5
good Cliente_A,0,2,0%,4
requisitos para asegurar una moto,0,2,0%,4
seguros de carro por mes,0,2,0%,4
cotizacion de seguro de vehiculo,0,2,0%,4.5
el mejor seguro para moto,0,2,0%,4.5
precio de un seguro de auto,0,2,0%,4.5
cotizacion seguros autos,0,2,0%,5
cotizador seguro de moto,0,2,0%,5
cotizar póliza de seguro para vehículos,0,2,0%,5
seguro contra robos moto,0,2,0%,5
seguro de mi carro,0,2,0%,5
seguro de robo moto,0,2,0%,5
cotizar poliza de vehiculo,0,2,0%,5.5
cotizar seguro para moto,0,2,0%,5.5
planes de seguros,0,2,0%,5.5
poliza de motocicleta,0,2,0%,5.5
poliza de motos,0,2,0%,5.5
seguro carro online,0,2,0%,5.5
seguro daño a terceros moto,0,2,0%,5.5
seguro de.moto,0,2,0%,5.5
seguros para vehiculos todo riesgo,0,2,0%,5.5
asegura tu carro,0,2,0%,6
como contratar un seguro para moto,0,2,0%,6
cotizador de seguro de moto,0,2,0%,6
pagar seguro de moto,0,2,0%,6
precio de seguro de motocicleta,0,2,0%,6
cotizacion seguro moto,0,2,0%,6.5
cotizador seguro automotriz,0,2,0%,6.5
precio de seguro contra terceros,0,2,0%,6.5
que es clientea_app en guatemala,0,2,0%,6.5
seguro robo moto,0,2,0%,6.5
seguros daños a terceros precios,0,2,0%,6.5
seguros de moto precios,0,2,0%,6.5
seguros motocicletas,0,2,0%,6.5
Cliente_A digital,0,2,0%,6.5
cotizador seguro vehicular,0,2,0%,7
cotizar en linea seguro de auto,0,2,0%,7
cotizar seguro vehículo,0,2,0%,7
en qué kilómetro está,0,2,0%,7
mi auto seguro,0,2,0%,7
poliza de moto,0,2,0%,7
poliza de motor,0,2,0%,7
poliza moto,0,2,0%,7
precio para seguro de moto,0,2,0%,7
seguro por dia,0,2,0%,7
seguro x km,0,2,0%,7
Cliente_A express,0,2,0%,7
seguro de automóvil precio,0,2,0%,7.5
seguro.de moto,0,2,0%,7.5
a terceros,0,2,0%,8
aseguranza para motos,0,2,0%,8
cotizaciones de seguros,0,2,0%,8
cotización de seguro para auto,0,2,0%,8
cuanto cuesta un seguro para auto,0,2,0%,8
poliza de una moto,0,2,0%,8
seguros para motos precios,0,2,0%,8
Cliente_A pais,0,2,0%,8
Cliente_A trad,0,2,0%,8
aseguradoras para moto,0,2,0%,8.5
cotizacion seguro de moto,0,2,0%,8.5
cotizador de seguros de moto,0,2,0%,8.5
cotizar seguro para vehiculo,0,2,0%,8.5
precio seguro para carro,0,2,0%,8.5
seguro contra robo moto,0,2,0%,8.5
seguro.para moto,0,2,0%,8.5
seguros cotizar,0,2,0%,8.5
aseguradoras para carros,0,2,0%,9
asegurar mi carro,0,2,0%,9
cotizacion de aseguranza para carro,0,2,0%,9
cotizacion seguro de auto,0,2,0%,9
seguros contra robos para motos,0,2,0%,9
asegura tu auto,0,2,0%,9.5
aseguranzas de carro,0,2,0%,9.5
cotización seguros,0,2,0%,9.5
cotizar moto,0,2,0%,9.5
precio de los seguros de autos,0,2,0%,9.5
seguro de carros en guatemala,0,2,0%,9.5
seguro para terceros guatemala,0,2,0%,9.5
seguro seguro,0,2,0%,9.5
seguros contra daños,0,2,0%,9.5
seguros para daños a terceros,0,2,0%,9.5
telefono awai,0,2,0%,9.5
cotizacion seguro carro,0,2,0%,10
cotizar grua para auto,0,2,0%,10
cotizar seguro automotriz,0,2,0%,10
cuanto cobra la aseguranza de carro,0,2,0%,10
cuánto cuesta un seguro para terceros,0,2,0%,10
moto segura,0,2,0%,10
seguros de camion,0,2,0%,10
swguros,0,2,0%,10
costo de poliza de seguro para vehiculos,0,2,0%,10.5
costo de seguro de auto,0,2,0%,10.5
donde pagar el seguro de la moto,0,2,0%,10.5
segurls,0,2,0%,10.5
seguro grua,0,2,0%,10.5
seguro para terceros guatemala precio,0,2,0%,10.5
seguro servicio de grua,0,2,0%,10.5
what is Cliente_A,0,2,0%,10.5
cuanto cobran por asegurar un carro,0,2,0%,11
poliza vehicular,0,2,0%,11
polizas para vehiculos,0,2,0%,11
precios de seguro de auto,0,2,0%,11
seguro de carro a terceros,0,2,0%,11
seguro de carro contra terceros,0,2,0%,11
seguro de terceros guatemala,0,2,0%,11
seguro de un carro,0,2,0%,11
seguro full cover moto,0,2,0%,11
seguros automotriz,0,2,0%,11
tradicional seguros,0,2,0%,11
aseguradoras de carro,0,2,0%,11.5
en cuanto sale un seguro de auto,0,2,0%,11.5
seguro de auto completo,0,2,0%,11.5
seguros para carro guatemala,0,2,0%,11.5
aseguradora de autos,0,2,0%,12
poliza de un carro,0,2,0%,12
seguro para autos daños a terceros,0,2,0%,12
seguroa,0,2,0%,12
seguros gruas,0,2,0%,12
poliza de seguro todo riesgo,0,2,0%,12.5
segros,0,2,0%,12.5
seguro contra terceros precio guatemala,0,2,0%,13.5
seguros de vehículo,0,2,0%,13.5
cuanto vale un seguro de moto en guatemala,0,2,0%,14
g&t continental servicio al cliente,0,2,0%,14.5
seguros gyt emergencias,0,2,0%,15
seguros auto,0,2,0%,16
continental usados,0,2,0%,17
seguro gyt vehiculos,0,2,0%,17.5
seguro vehiculos guatemala,0,2,0%,17.5
cuánto cuesta un seguro de carro en guatemala,0,2,0%,18
seguro de un auto,0,2,0%,18
seguros gt,0,2,0%,19
logo aseguradoras,0,2,0%,19.5
seguro vehículos,0,2,0%,19.5
seguros vehículos,0,2,0%,19.5
costo de seguro de auto en guatemala,0,2,0%,20
seguros de automovil,0,2,0%,20.5
seguro vehicular en guatemala,0,2,0%,22.5
seguros de vehiculo,0,2,0%,22.5
app seguros gyt,0,2,0%,23.5
pago por kilometro,0,2,0%,24
gt continental,0,2,0%,25.5
seguros gyt numero,0,2,0%,26
aseguradora de vehiculos,0,2,0%,26.5
g&t continental teléfono,0,2,0%,27.5
seguro de motos en guatemala,0,2,0%,29.5
seguros para motocicletas en guatemala,0,2,0%,29.5
telefono de gyt,0,2,0%,29.5
precio de los seguros en guatemala,0,2,0%,30
seguros gyt telefono,0,2,0%,30
Cliente_A Cliente_A Cliente_A emoji,0,2,0%,30
gyt virtual,0,2,0%,31
g y t,0,2,0%,36.5
gyt pbx,0,2,0%,37
costo de seguro,0,2,0%,38
pago de seguro guatemala,0,2,0%,38
seguro por accidente,0,2,0%,40
guatemala km,0,2,0%,40.5
pbx gyt,0,2,0%,40.5
cuanto cuesta el seguro en guatemala,0,2,0%,41
pago de seguro en guatemala,0,2,0%,42
gruas continental,0,2,0%,44
cuánto cuesta un carro en guatemala,0,2,0%,45.5
seguros g&t teléfono,0,2,0%,45.5
gruas en guatemala,0,2,0%,47
seguro de vida guate,0,2,0%,48
seguro kilometros,0,2,0%,48
precio de seguro contra terceros en guatemala,0,2,0%,49
seguro para,0,2,0%,49.5
g&t autos,0,2,0%,50
seguros de automóviles,0,2,0%,50.5
seguro por meses coche,0,2,0%,51.5
kilómetro,0,2,0%,52
cuanto cuesta un seguro vehicular,0,2,0%,55.5
seguro para una moto,0,2,0%,56
aseguranza seguros,0,2,0%,56.5
gtc continental,0,2,0%,56.5
manejas,0,2,0%,56.5
cuanto cuesta un carro en guatemala,0,2,0%,57
seguro por siniestro,0,2,0%,58
telefono de seguro,0,2,0%,62.5
seguro por kilómetro opiniones,0,2,0%,63
seguro de autos por kilometros,0,2,0%,71
cuanto cuesta una grua por kilometro,0,2,0%,79
el seguro en guatemala,0,2,0%,80
precio de moto en guatemala,0,2,0%,81
q150,0,2,0%,81.5
carros gt,0,2,0%,83
gana guatemala,0,2,0%,83
accidentes en guatemala,0,2,0%,84.5
llantas gt,0,2,0%,86
guatemala carros,0,2,0%,89.5
qué cubre mi seguro,0,2,0%,90
trrc,0,2,0%,91.5
empresas de seguros de autos,0,2,0%,92
cerradura auto,0,2,0%,94
seleccionada,0,2,0%,95
seguro de autos a terceros,0,2,0%,95.5
gruas precio por km,0,2,0%,96.5
motocicletas en guatemala,0,2,0%,97
poliza cuenta kilometros,0,2,0%,97
aseguradora automovil,0,1,0%,1
aseguradora de vehiculos guatemala,0,1,0%,1
aseguradora para carros,0,1,0%,1
auto por kilometro,0,1,0%,1
call Cliente_A,0,1,0%,1
como cotizar seguro de auto,0,1,0%,1
como cotizar un seguro,0,1,0%,1
comprar seguro automotriz,0,1,0%,1
costo de seguro para moto,0,1,0%,1
costo seguro de auto,0,1,0%,1
cotizador seguro auto,0,1,0%,1
cotizar seguro.auto,0,1,0%,1
credi Cliente_A,0,1,0%,1
cual es el mejor seguro para motos en guatemala,0,1,0%,1
cuanto cuesta el seguro de una moto,0,1,0%,1
cuanto cuesta un seguro de carro,0,1,0%,1
cuanto vale un seguro para moto,0,1,0%,1
cuanto vale un seguro todo riesgo para moto,0,1,0%,1
cuál es la mejor aseguradora de motos,0,1,0%,1
cuánto cuesta un seguro de moto,0,1,0%,1
cuánto cuesta un seguro para moto,0,1,0%,1
donde asegurar mi moto,0,1,0%,1
donde cotizar seguro de auto,0,1,0%,1
donde puedo asegurar mi moto,0,1,0%,1
hay seguro,0,1,0%,1
mantenimiento basico de un auto,0,1,0%,1
mantenimiento de frenos,0,1,0%,1
mejores seguros para motos,0,1,0%,1
momo Cliente_A,0,1,0%,1
nuevo seguro,0,1,0%,1
pais Cliente_A,0,1,0%,1
"para que tu vehículo esté en buenas condiciones es importante realizar 
revisiones periódicas qué debe revisar desde el exterior del vehículo",0,1,0%,1
poliza de seguro para vehiculos,0,1,0%,1
precio de los seguros,0,1,0%,1
precio de seguro daños a terceros,0,1,0%,1
precio de seguro todo riesgo para moto,0,1,0%,1
precio de un seguro para auto,0,1,0%,1
precio de un seguro todo riesgo,0,1,0%,1
precios de seguros de vehiculos,0,1,0%,1
póliza de moto,0,1,0%,1
que es seguro de moto,0,1,0%,1
que pasa si manejo con la emergencia puesta,0,1,0%,1
que seguro es mejor para moto,0,1,0%,1
qué debe revisar desde el exterior del vehículo,0,1,0%,1
qué significa daños a terceros,0,1,0%,1
rapido seguro y confiable,0,1,0%,1
referencias,0,1,0%,1
seguradora de carros,0,1,0%,1
seguro 100%,0,1,0%,1
seguro auto online,0,1,0%,1
seguro automotriz por km,0,1,0%,1
seguro convencional,0,1,0%,1
seguro de autos por kilometraje,0,1,0%,1
seguro de carro costo,0,1,0%,1
seguro de daños a la propiedad,0,1,0%,1
seguro de moto por kilometros,0,1,0%,1
seguro de motos honda,0,1,0%,1
seguro de vehículo en guatemala,0,1,0%,1
seguro online carro,0,1,0%,1
seguro para auto guatemala,0,1,0%,1
seguro para el carro,0,1,0%,1
seguro para moto delivery,0,1,0%,1
seguro para motos contra robo,0,1,0%,1
seguro para un carro,0,1,0%,1
seguro solo daños a terceros,0,1,0%,1
seguro total para carros,0,1,0%,1
seguro vehicular daños a terceros,0,1,0%,1
seguro/a,0,1,0%,1
seguros de auto por kilometraje,0,1,0%,1
seguros en línea,0,1,0%,1
seguros online,0,1,0%,1
seguros para motocicletas baratos,0,1,0%,1
seguros para un mes,0,1,0%,1
seguros para vehículos guatemala,0,1,0%,1
seguros precio,0,1,0%,1
seguros recomendados para motos,0,1,0%,1
seguto,0,1,0%,1
soap,0,1,0%,1
tipos de seguro para moto,0,1,0%,1
Cliente_A numero telefono,0,1,0%,1
Cliente_A out,0,1,0%,1
clientea_app seguro,0,1,0%,1
comprar seguros coche,0,1,0%,2
cotizacion seguro de autos,0,1,0%,2
cotizacion seguros,0,1,0%,2