CODPROD,NUMPOL,FECINIVIG,MTOOPER,CODPLAN,Mes
AUKM,483,2025-01-01 0:00:00,2345.79,2 MIL KM,1
AUKM,1545,2025-01-01 0:00:00,443.33,2 MIL KM,1
AUKM,931,2025-01-01 0:00:00,1285.86,4 MIL KM,1
AUKM,484,2025-01-01 0:00:00,2513.77,6 MIL KM,1
AUKM,1230,2025-01-04 0:00:00,789.93,2 MIL KM,1
AUKM,491,2025-01-04 0:00:00,533.34,2 MIL KM,1
AUKM,1550,2025-01-04 0:00:00,1600,6 MIL KM,1
AUKM,1551,2025-01-04 0:00:00,1600,6 MIL KM,1
AUKM,1552,2025-01-05 0:00:00,1025.44,4 MIL KM,1
AUKM,533,2025-01-06 0:00:00,1376.81,4 MIL KM,1
AUKM,1554,2025-01-07 0:00:00,609.92,2 MIL KM,1
AUKM,1560,2025-01-08 0:00:00,481.51,2 MIL KM,1
AUKM,1562,2025-01-08 0:00:00,967.8,2 MIL KM,1
AUKM,1555,2025-01-08 0:00:00,1955.69,4 MIL KM,1
AUKM,1556,2025-01-08 0:00:00,1066.67,4 MIL KM,1
AUKM,497,2025-01-08 0:00:00,1066.67,4 MIL KM,1
AUTO,501015,2025-01-08 0:00:00,8287.95,Todo Riesgo,1
AUKM,1568,2025-01-09 0:00:00,552.92,2 MIL KM,1
AUKM,1563,2025-01-09 0:00:00,1066.67,4 MIL KM,1
AUKM,1564,2025-01-09 0:00:00,1066.67,4 MIL KM,1
AUKM,1565,2025-01-09 0:00:00,1066.67,4 MIL KM,1
AUKM,1569,2025-01-09 0:00:00,1219.86,4 MIL KM,1
AUKM,1570,2025-01-10 0:00:00,1843.29,2 MIL KM,1
AUKM,1572,2025-01-10 0:00:00,1443.76,MOTO 3MIL KM,1
AUKM,1571,2025-01-11 0:00:00,1675.75,2 MIL KM,1
AUKM,1575,2025-01-14 0:00:00,533.34,2 MIL KM,1
AUKM,1040,2025-01-15 0:00:00,539.92,2 MIL KM,1
AUKM,1579,2025-01-15 0:00:00,533.42,2 MIL KM,1
AUKM,1578,2025-01-15 0:00:00,1066.67,4 MIL KM,1
AUKM,1576,2025-01-15 0:00:00,1581.05,6 MIL KM,1
AUKM,1581,2025-01-16 0:00:00,773.28,2 MIL KM,1
AUKM,1577,2025-01-16 0:00:00,1444.55,6 MIL KM,1
AUKM,1582,2025-01-17 0:00:00,1473.38,2 MIL KM,1
AUKM,1584,2025-01-17 0:00:00,443.33,2 MIL KM,1
AUKM,1583,2025-01-17 0:00:00,886.68,4 MIL KM,1
AUKM,1585,2025-01-17 0:00:00,1066.67,4 MIL KM,1
AUKM,459,2025-01-18 0:00:00,2324.77,6 MIL KM,1
AUKM,1588,2025-01-18 0:00:00,3695.65,6 MIL KM,1
AUKM,724,2025-01-19 0:00:00,2979.66,4 MIL KM,1
AUKM,540,2025-01-19 0:00:00,1279.86,4 MIL KM,1
AUKM,1596,2025-01-20 0:00:00,533.34,2 MIL KM,1
AUKM,532,2025-01-21 0:00:00,597.92,2 MIL KM,1
AUKM,1597,2025-01-21 0:00:00,1675.78,2 MIL KM,1
AUKM,1598,2025-01-21 0:00:00,443.33,2 MIL KM,1
AUKM,530,2025-01-21 0:00:00,2623.44,4 MIL KM,1
AUKM,529,2025-01-21 0:00:00,2459.77,6 MIL KM,1
AUKM,1595,2025-01-21 0:00:00,1928.78,6 MIL KM,1
AUKM,832,2025-01-22 0:00:00,533.34,2 MIL KM,1
AUKM,1601,2025-01-22 0:00:00,443.33,2 MIL KM,1
AUKM,299,2025-01-22 0:00:00,623.12,2 MIL KM,1
AUKM,1603,2025-01-22 0:00:00,539.92,2 MIL KM,1
AUKM,1600,2025-01-22 0:00:00,5529.78,6 MIL KM,1
AUKM,249,2025-01-23 0:00:00,1195.45,2 MIL KM,1
AUKM,1606,2025-01-23 0:00:00,1846.05,2 MIL KM,1
AUKM,1607,2025-01-23 0:00:00,1335.17,2 MIL KM,1
AUKM,62,2025-01-23 0:00:00,669.92,2 MIL KM,1
AUKM,1605,2025-01-23 0:00:00,1330.01,6 MIL KM,1
AUKM,1060,2025-01-24 0:00:00,533.34,2 MIL KM,1
AUKM,502,2025-01-24 0:00:00,533.34,2 MIL KM,1
AUKM,1615,2025-01-24 0:00:00,443.33,2 MIL KM,1
AUKM,1616,2025-01-24 0:00:00,980.07,2 MIL KM,1
AUKM,1617,2025-01-24 0:00:00,443.33,2 MIL KM,1
AUKM,1613,2025-01-24 0:00:00,911.04,4 MIL KM,1
AUKM,1612,2025-01-24 0:00:00,2146.58,6 MIL KM,1
AUKM,559,2025-01-25 0:00:00,533.34,2 MIL KM,1
AUKM,1620,2025-01-25 0:00:00,481.51,2 MIL KM,1
AUKM,1622,2025-01-25 0:00:00,590.12,2 MIL KM,1
AUKM,1623,2025-01-25 0:00:00,443.33,2 MIL KM,1
AUKM,1177,2025-01-25 0:00:00,2578.29,2 MIL KM,1
AUKM,1618,2025-01-25 0:00:00,1189.06,4 MIL KM,1
AUKM,1621,2025-01-25 0:00:00,3050.78,6 MIL KM,1
AUKM,1626,2025-01-27 0:00:00,1408.76,MOTO 3MIL KM,1
AUKM,1625,2025-01-28 0:00:00,1061.59,2 MIL KM,1
AUKM,1627,2025-01-28 0:00:00,443.33,2 MIL KM,1
AUKM,1628,2025-01-29 0:00:00,565.92,2 MIL KM,1
AUKM,562,2025-01-30 0:00:00,4700.16,6 MIL KM,1
AUKM,590,2025-01-31 0:00:00,860.73,2 MIL KM,1
AUKM,553,2025-01-31 0:00:00,1066.67,4 MIL KM,1
AUKM,547,2025-01-31 0:00:00,5194.77,6 MIL KM,1
AUKM,1633,2025-02-01 0:00:00,695.72,2 MIL KM,2
AUKM,1637,2025-02-01 0:00:00,572.42,2 MIL KM,2
AUKM,570,2025-02-01 0:00:00,576.92,2 MIL KM,2
AUKM,568,2025-02-01 0:00:00,533.34,2 MIL KM,2
AUKM,1640,2025-02-01 0:00:00,1066.86,4 MIL KM,2
AUKM,1634,2025-02-01 0:00:00,1865.78,6 MIL KM,2
AUKM,564,2025-02-01 0:00:00,1600,6 MIL KM,2
AUKM,565,2025-02-01 0:00:00,1908.97,6 MIL KM,2
AUTO,480348,2025-02-01 0:00:00,3461.55,Todo Riesgo,2
AUKM,1642,2025-02-02 0:00:00,572.42,2 MIL KM,2
AUKM,1643,2025-02-02 0:00:00,1072.75,2 MIL KM,2
AUKM,1644,2025-02-04 0:00:00,699.92,2 MIL KM,2
AUKM,1647,2025-02-05 0:00:00,604.92,2 MIL KM,2
AUKM,1648,2025-02-05 0:00:00,572.42,2 MIL KM,2
AUKM,1245,2025-02-05 0:00:00,1066.67,4 MIL KM,2
AUKM,1646,2025-02-05 0:00:00,1654.88,6 MIL KM,2
AUKM,1046,2025-02-06 0:00:00,1649.77,6 MIL KM,2
AUKM,567,2025-02-07 0:00:00,774.93,2 MIL KM,2
AUKM,566,2025-02-07 0:00:00,1945.84,4 MIL KM,2
AUKM,1652,2025-02-07 0:00:00,1495.25,6 MIL KM,2
AUKM,1343,2025-02-08 0:00:00,1201.19,2 MIL KM,2
AUKM,583,2025-02-08 0:00:00,765.93,2 MIL KM,2
AUKM,689,2025-02-08 0:00:00,765.93,2 MIL KM,2
AUKM,1655,2025-02-08 0:00:00,2426.93,4 MIL KM,2
AUKM,1653,2025-02-08 0:00:00,2126.78,6 MIL KM,2
AUKM,1659,2025-02-09 0:00:00,443.33,2 MIL KM,2
AUKM,1660,2025-02-09 0:00:00,1427.66,2 MIL KM,2
AUKM,1658,2025-02-09 0:00:00,2960.69,4 MIL KM,2
AUKM,941,2025-02-12 0:00:00,673.17,2 MIL KM,2
AUKM,1664,2025-02-12 0:00:00,601.67,2 MIL KM,2
AUKM,1665,2025-02-12 0:00:00,844.95,2 MIL KM,2
AUKM,1666,2025-02-12 0:00:00,565.92,2 MIL KM,2
AUKM,1668,2025-02-12 0:00:00,1489.83,2 MIL KM,2
AUKM,589,2025-02-12 0:00:00,2681.51,4 MIL KM,2
AUKM,586,2025-02-12 0:00:00,1066.67,4 MIL KM,2
AUKM,1667,2025-02-12 0:00:00,3352.28,6 MIL KM,2
AUKM,1669,2025-02-12 0:00:00,3179.76,6 MIL KM,2
AUKM,1672,2025-02-13 0:00:00,886.68,4 MIL KM,2
AUKM,587,2025-02-13 0:00:00,2933.52,6 MIL KM,2
AUKM,1671,2025-02-13 0:00:00,1736.78,6 MIL KM,2
AUKM,632,2025-02-14 0:00:00,669.92,2 MIL KM,2
AUKM,687,2025-02-14 0:00:00,662.72,2 MIL KM,2
AUKM,848,2025-02-14 0:00:00,803.72,2 MIL KM,2
AUKM,1677,2025-02-14 0:00:00,1117.42,2 MIL KM,2
AUKM,1422,2025-02-14 0:00:00,1457.45,4 MIL KM,2
AUTO,461396,2025-02-14 0:00:00,4089.55,Todo Riesgo,2
AUKM,1086,2025-02-15 0:00:00,781.53,2 MIL KM,2
AUKM,611,2025-02-15 0:00:00,2818.87,6 MIL KM,2
AUKM,1680,2025-02-16 0:00:00,819.92,2 MIL KM,2
AUKM,1682,2025-02-16 0:00:00,1117.42,2 MIL KM,2
AUKM,1684,2025-02-16 0:00:00,583.8,2 MIL KM,2
AUKM,1683,2025-02-16 0:00:00,3119.78,6 MIL KM,2
AUKM,600,2025-02-17 0:00:00,601.67,2 MIL KM,2
AUKM,604,2025-02-18 0:00:00,1257.02,2 MIL KM,2
AUKM,599,2025-02-18 0:00:00,609.92,2 MIL KM,2
AUKM,582,2025-02-18 0:00:00,544.47,2 MIL KM,2
AUKM,1688,2025-02-18 0:00:00,1549.86,4 MIL KM,2
AUKM,507,2025-02-18 0:00:00,1066.67,4 MIL KM,2
AUKM,1697,2025-02-18 0:00:00,1697.78,6 MIL KM,2
AUKM,1698,2025-02-19 0:00:00,998.5,2 MIL KM,2
AUKM,1699,2025-02-19 0:00:00,961.65,2 MIL KM,2
AUKM,1705,2025-02-19 0:00:00,1200.01,MOTO 3MIL KM,2
AUKM,1700,2025-02-20 0:00:00,912.52,2 MIL KM,2
AUKM,615,2025-02-20 0:00:00,694.62,2 MIL KM,2
AUKM,610,2025-02-20 0:00:00,533.34,2 MIL KM,2
AUKM,614,2025-02-20 0:00:00,533.34,2 MIL KM,2
AUKM,1325,2025-02-20 0:00:00,2569.84,4 MIL KM,2
AUTO,461679,2025-02-20 0:00:00,3452.68,Todo Riesgo,2
AUKM,1707,2025-02-21 0:00:00,494.51,2 MIL KM,2
AUKM,1706,2025-02-21 0:00:00,1103.26,4 MIL KM,2
AUKM,1708,2025-02-21 0:00:00,1800,MOTO 6MIL KM,2
AUTO,504442,2025-02-21 0:00:00,3461.55,Todo Riesgo,2
AUKM,1709,2025-02-22 0:00:00,443.33,2 MIL KM,2
AUKM,1710,2025-02-22 0:00:00,520.51,2 MIL KM,2
AUKM,625,2025-02-23 0:00:00,1611.95,2 MIL KM,2
AUKM,288,2025-02-23 0:00:00,2279.77,6 MIL KM,2
AUTO,461882,2025-02-23 0:00:00,3360.01,Todo Riesgo,2
AUKM,1715,2025-02-24 0:00:00,1200.01,MOTO 3MIL KM,2
AUKM,1713,2025-02-25 0:00:00,551.62,2 MIL KM,2
AUKM,578,2025-02-25 0:00:00,533.34,2 MIL KM,2
AUKM,1716,2025-02-26 0:00:00,604.92,2 MIL KM,2
AUKM,1717,2025-02-26 0:00:00,443.33,2 MIL KM,2
AUKM,1249,2025-02-26 0:00:00,596.72,2 MIL KM,2
AUKM,619,2025-02-26 0:00:00,539.92,2 MIL KM,2
AUKM,626,2025-02-26 0:00:00,1726.76,4 MIL KM,2
AUTO,482070,2025-02-26 0:00:00,3450,Todo Riesgo,2
AUKM,1721,2025-02-27 0:00:00,1090.64,2 MIL KM,2
AUKM,1722,2025-02-27 0:00:00,741.92,2 MIL KM,2
AUKM,1723,2025-02-28 0:00:00,886.68,4 MIL KM,2
AUKM,697,2025-02-28 0:00:00,1066.67,4 MIL KM,2
AUKM,1725,2025-03-01 0:00:00,498.41,2 MIL KM,3
AUKM,941,2025-03-02 0:00:00,673.17,2 MIL KM,3
AUKM,620,2025-03-04 0:00:00,533.34,2 MIL KM,3
AUKM,584,2025-03-04 0:00:00,2404.13,4 MIL KM,3
AUTO,505068,2025-03-04 0:00:00,4259.05,Todo Riesgo,3
AUKM,1729,2025-03-05 0:00:00,863.38,2 MIL KM,3
AUKM,1730,2025-03-05 0:00:00,512.71,2 MIL KM,3
AUKM,1731,2025-03-05 0:00:00,443.33,2 MIL KM,3
AUKM,1732,2025-03-05 0:00:00,693.74,2 MIL KM,3
AUKM,1733,2025-03-05 0:00:00,1655.65,2 MIL KM,3
AUKM,1734,2025-03-05 0:00:00,949.92,2 MIL KM,3
AUTO,505065,2025-03-05 0:00:00,3200,Todo Riesgo,3
AUKM,1735,2025-03-06 0:00:00,1160.46,4 MIL KM,3
AUKM,1736,2025-03-07 0:00:00,609.92,2 MIL KM,3
AUKM,1120,2025-03-07 0:00:00,533.34,2 MIL KM,3
AUKM,1738,2025-03-07 0:00:00,2290.69,4 MIL KM,3
AUKM,1739,2025-03-07 0:00:00,1800.01,MOTO 6MIL KM,3
AUTO,462511,2025-03-07 0:00:00,4489.15,Todo Riesgo,3
AUKM,1743,2025-03-09 0:00:00,481.51,2 MIL KM,3
AUKM,1744,2025-03-09 0:00:00,443.33,2 MIL KM,3
AUKM,1307,2025-03-09 0:00:00,714.93,2 MIL KM,3
AUKM,659,2025-03-09 0:00:00,1079.86,4 MIL KM,3
AUKM,657,2025-03-09 0:00:00,1079.86,4 MIL KM,3
AUKM,650,2025-03-09 0:00:00,2067.34,4 MIL KM,3
AUKM,656,2025-03-09 0:00:00,1087.86,4 MIL KM,3
AUKM,648,2025-03-09 0:00:00,1619.77,6 MIL KM,3
AUKM,688,2025-03-09 0:00:00,2027.77,6 MIL KM,3
AUKM,552,2025-03-10 0:00:00,533.34,2 MIL KM,3
AUKM,1379,2025-03-10 0:00:00,1806.99,2 MIL KM,3
AUTO,462745,2025-03-10 0:00:00,3450,Todo Riesgo,3
AUKM,944,2025-03-11 0:00:00,481.51,2 MIL KM,3
AUKM,660,2025-03-11 0:00:00,873.93,2 MIL KM,3
AUKM,1751,2025-03-11 0:00:00,1087.86,4 MIL KM,3
AUKM,1100,2025-03-12 0:00:00,604.92,2 MIL KM,3
AUKM,1755,2025-03-12 0:00:00,1074.66,4 MIL KM,3
AUKM,628,2025-03-12 0:00:00,2279.77,6 MIL KM,3
AUKM,1758,2025-03-13 0:00:00,539.92,2 MIL KM,3
AUKM,1761,2025-03-13 0:00:00,443.33,2 MIL KM,3
AUKM,1762,2025-03-13 0:00:00,552.92,2 MIL KM,3
AUKM,680,2025-03-13 0:00:00,1351.86,4 MIL KM,3
AUKM,1760,2025-03-13 0:00:00,886.68,4 MIL KM,3
AUTO,505814,2025-03-13 0:00:00,3299.55,Todo Riesgo,3
AUKM,1765,2025-03-14 0:00:00,527.01,2 MIL KM,3
AUKM,1763,2025-03-14 0:00:00,4658.03,4 MIL KM,3
AUKM,653,2025-03-14 0:00:00,2635.73,4 MIL KM,3
AUKM,1768,2025-03-15 0:00:00,604.92,2 MIL KM,3
AUKM,1769,2025-03-15 0:00:00,443.33,2 MIL KM,3
AUKM,1770,2025-03-15 0:00:00,443.33,2 MIL KM,3
AUKM,1771,2025-03-15 0:00:00,443.33,2 MIL KM,3
AUKM,683,2025-03-15 0:00:00,591.92,2 MIL KM,3
AUKM,1779,2025-03-15 0:00:00,443.33,2 MIL KM,3
AUKM,674,2025-03-15 0:00:00,5647.31,4 MIL KM,3
AUKM,1767,2025-03-15 0:00:00,3311.33,4 MIL KM,3
AUTO,483546,2025-03-15 0:00:00,3450,Todo Riesgo,3
AUKM,1782,2025-03-16 0:00:00,455.51,2 MIL KM,3
AUKM,327,2025-03-16 0:00:00,533.34,2 MIL KM,3
AUKM,675,2025-03-16 0:00:00,1066.67,4 MIL KM,3
AUKM,1781,2025-03-16 0:00:00,2557.86,4 MIL KM,3
AUKM,1784,2025-03-18 0:00:00,443.33,2 MIL KM,3
AUKM,1785,2025-03-18 0:00:00,1000.17,2 MIL KM,3
AUKM,1786,2025-03-18 0:00:00,539.92,2 MIL KM,3
AUKM,1787,2025-03-18 0:00:00,699.92,2 MIL KM,3
AUKM,1788,2025-03-18 0:00:00,783.92,2 MIL KM,3
AUKM,1789,2025-03-18 0:00:00,481.51,2 MIL KM,3
AUKM,1790,2025-03-18 0:00:00,735.92,2 MIL KM,3
AUKM,159,2025-03-18 0:00:00,1600,6 MIL KM,3
AUKM,850,2025-03-19 0:00:00,533.34,2 MIL KM,3
AUKM,1794,2025-03-19 0:00:00,1608.75,2 MIL KM,3
AUKM,1795,2025-03-19 0:00:00,481.51,2 MIL KM,3
AUKM,1796,2025-03-19 0:00:00,443.33,2 MIL KM,3
AUKM,1798,2025-03-19 0:00:00,443.33,2 MIL KM,3
AUKM,627,2025-03-19 0:00:00,1600,6 MIL KM,3
AUKM,1797,2025-03-19 0:00:00,1330.01,6 MIL KM,3
AUKM,701,2025-03-20 0:00:00,702.33,2 MIL KM,3
AUKM,1799,2025-03-20 0:00:00,1721.46,4 MIL KM,3
AUKM,1800,2025-03-20 0:00:00,2692.54,4 MIL KM,3
AUKM,1802,2025-03-20 0:00:00,1339.86,4 MIL KM,3
AUKM,1803,2025-03-20 0:00:00,1935.59,4 MIL KM,3
AUKM,1804,2025-03-20 0:00:00,4859.03,4 MIL KM,3
AUKM,679,2025-03-20 0:00:00,3851.76,4 MIL KM,3
AUTO,506465,2025-03-20 0:00:00,9997,Todo Riesgo,3
AUKM,1806,2025-03-21 0:00:00,572.42,2 MIL KM,3
AUKM,1807,2025-03-21 0:00:00,1016.92,2 MIL KM,3
AUKM,1808,2025-03-22 0:00:00,604.92,2 MIL KM,3
AUKM,1809,2025-03-22 0:00:00,636.32,2 MIL KM,3
AUTO,506500,2025-03-22 0:00:00,5448.3,Todo Riesgo,3
AUKM,1317,2025-03-23 0:00:00,533.34,2 MIL KM,3
AUKM,1812,2025-03-23 0:00:00,498.41,2 MIL KM,3
AUKM,1814,2025-03-25 0:00:00,455.51,2 MIL KM,3
AUKM,1813,2025-03-25 0:00:00,2684.88,4 MIL KM,3
AUTO,506636,2025-03-25 0:00:00,4913.13,Todo Riesgo,3
AUKM,1817,2025-03-26 0:00:00,539.92,2 MIL KM,3
AUKM,1815,2025-03-26 0:00:00,1960.16,4 MIL KM,3
AUKM,1816,2025-03-26 0:00:00,5203.91,6 MIL KM,3
AUKM,1818,2025-03-27 0:00:00,774.92,2 MIL KM,3
AUKM,1822,2025-03-27 0:00:00,973.93,2 MIL KM,3
AUKM,655,2025-03-27 0:00:00,533.34,2 MIL KM,3
AUKM,711,2025-03-27 0:00:00,3771.02,6 MIL KM,3
AUKM,1824,2025-03-28 0:00:00,774.92,2 MIL KM,3
AUKM,1316,2025-03-28 0:00:00,609.92,2 MIL KM,3
AUKM,704,2025-03-28 0:00:00,1066.67,4 MIL KM,3
AUKM,1826,2025-03-28 0:00:00,996.84,4 MIL KM,3
AUKM,819,2025-03-29 0:00:00,1066.67,4 MIL KM,3
AUKM,1258,2025-03-29 0:00:00,1600,6 MIL KM,3
AUKM,1830,2025-03-30 0:00:00,539.92,2 MIL KM,3
AUKM,733,2025-03-30 0:00:00,2516.45,6 MIL KM,3
AUKM,732,2025-03-31 0:00:00,875.67,2 MIL KM,3
AUKM,1833,2025-04-01 0:00:00,886.68,4 MIL KM,4
AUKM,300,2025-04-01 0:00:00,1079.86,4 MIL KM,4
AUKM,1835,2025-04-02 0:00:00,1078.34,2 MIL KM,4
AUKM,1836,2025-04-02 0:00:00,1363.86,4 MIL KM,4
AUKM,1837,2025-04-02 0:00:00,1444.55,6 MIL KM,4
AUKM,728,2025-04-03 0:00:00,533.34,2 MIL KM,4
AUKM,1842,2025-04-03 0:00:00,443.33,2 MIL KM,4
AUKM,1838,2025-04-03 0:00:00,1717.28,6 MIL KM,4
AUKM,722,2025-04-03 0:00:00,1740.67,6 MIL KM,4
AUKM,1841,2025-04-03 0:00:00,2531.78,6 MIL KM,4
AUKM,1843,2025-04-04 0:00:00,598.59,2 MIL KM,4
AUKM,1844,2025-04-04 0:00:00,1121.33,2 MIL KM,4
AUKM,1845,2025-04-04 0:00:00,1748.2,2 MIL KM,4
AUKM,775,2025-04-05 0:00:00,980.09,2 MIL KM,4
AUKM,1847,2025-04-05 0:00:00,1396.59,2 MIL KM,4
AUKM,1849,2025-04-05 0:00:00,949.92,2 MIL KM,4
AUKM,735,2025-04-05 0:00:00,1160.46,4 MIL KM,4
AUKM,1851,2025-04-05 0:00:00,2904.86,4 MIL KM,4
AUKM,1848,2025-04-05 0:00:00,2682.28,6 MIL KM,4
AUKM,416,2025-04-06 0:00:00,639.92,2 MIL KM,4
AUKM,1853,2025-04-06 0:00:00,1079.86,4 MIL KM,4
AUKM,1854,2025-04-07 0:00:00,539.92,2 MIL KM,4
AUKM,1856,2025-04-08 0:00:00,879.92,2 MIL KM,4
AUKM,1858,2025-04-08 0:00:00,539.92,2 MIL KM,4
AUKM,747,2025-04-08 0:00:00,533.34,2 MIL KM,4
AUKM,1855,2025-04-08 0:00:00,1972.44,4 MIL KM,4
AUKM,760,2025-04-08 0:00:00,2387.87,4 MIL KM,4
AUKM,1862,2025-04-08 0:00:00,1233.76,MOTO 3MIL KM,4
AUTO,507764,2025-04-08 0:00:00,3936.75,Todo Riesgo,4
AUKM,802,2025-04-09 0:00:00,1262.6,2 MIL KM,4
AUKM,1860,2025-04-09 0:00:00,1898.74,4 MIL KM,4
AUKM,1866,2025-04-10 0:00:00,639.92,2 MIL KM,4
AUKM,1867,2025-04-10 0:00:00,699.92,2 MIL KM,4
AUKM,1871,2025-04-10 0:00:00,580.22,2 MIL KM,4
AUKM,1863,2025-04-10 0:00:00,2095.28,4 MIL KM,4
AUKM,1865,2025-04-10 0:00:00,5244.61,6 MIL KM,4
AUKM,1236,2025-04-10 0:00:00,2324.77,6 MIL KM,4
AUKM,168,2025-04-11 0:00:00,927.6,2 MIL KM,4
AUKM,1497,2025-04-11 0:00:00,699.93,2 MIL KM,4
AUKM,1875,2025-04-11 0:00:00,443.33,2 MIL KM,4
AUKM,767,2025-04-11 0:00:00,1066.67,4 MIL KM,4
AUKM,1231,2025-04-12 0:00:00,1005.77,2 MIL KM,4
AUKM,1659,2025-04-12 0:00:00,443.33,2 MIL KM,4
AUKM,1881,2025-04-12 0:00:00,699.92,2 MIL KM,4
AUKM,1880,2025-04-12 0:00:00,2082.99,4 MIL KM,4
AUKM,774,2025-04-15 0:00:00,1825.89,2 MIL KM,4
AUKM,1884,2025-04-15 0:00:00,443.33,2 MIL KM,4
AUKM,1886,2025-04-15 0:00:00,443.33,2 MIL KM,4
AUKM,1883,2025-04-15 0:00:00,1579.86,4 MIL KM,4
AUKM,1885,2025-04-15 0:00:00,1642.26,4 MIL KM,4
AUKM,1888,2025-04-17 0:00:00,572.42,2 MIL KM,4
AUKM,1569,2025-04-17 0:00:00,609.92,2 MIL KM,4
AUKM,1887,2025-04-17 0:00:00,1209.86,4 MIL KM,4
AUKM,1889,2025-04-17 0:00:00,1066.86,4 MIL KM,4
AUKM,756,2025-04-18 0:00:00,533.34,2 MIL KM,4
AUKM,1519,2025-04-19 0:00:00,699.93,2 MIL KM,4
AUKM,692,2025-04-20 0:00:00,6700.77,6 MIL KM,4
AUKM,792,2025-04-20 0:00:00,1600,6 MIL KM,4
AUKM,1895,2025-04-23 0:00:00,2106.98,6 MIL KM,4
AUKM,1897,2025-04-24 0:00:00,443.33,2 MIL KM,4
AUKM,1898,2025-04-24 0:00:00,539.92,2 MIL KM,4
AUKM,501,2025-04-24 0:00:00,1600,6 MIL KM,4
AUKM,1899,2025-04-25 0:00:00,980.07,2 MIL KM,4
AUKM,1901,2025-04-25 0:00:00,1389.92,2 MIL KM,4
AUKM,1902,2025-04-25 0:00:00,443.33,2 MIL KM,4
AUKM,1900,2025-04-25 0:00:00,1444.55,6 MIL KM,4
AUKM,1903,2025-04-26 0:00:00,922,2 MIL KM,4
AUKM,803,2025-04-26 0:00:00,1066.67,4 MIL KM,4
AUKM,6,2025-04-27 0:00:00,977.85,2 MIL KM,4
AUKM,1906,2025-04-29 0:00:00,669.92,2 MIL KM,4
AUKM,1907,2025-04-29 0:00:00,949.92,2 MIL KM,4
AUKM,1908,2025-04-29 0:00:00,494.51,2 MIL KM,4
AUKM,1909,2025-04-29 0:00:00,2156.69,4 MIL KM,4
AUKM,1910,2025-04-29 0:00:00,2811.93,MOTO 6MIL KM,4
AUKM,1911,2025-04-30 0:00:00,1195.03,2 MIL KM,4
AUKM,1912,2025-05-01 0:00:00,544.47,2 MIL KM,5
AUKM,1141,2025-05-01 0:00:00,2569.86,4 MIL KM,5
AUKM,1915,2025-05-01 0:00:00,1919.78,6 MIL KM,5
AUKM,811,2025-05-02 0:00:00,604.92,2 MIL KM,5
AUKM,770,2025-05-02 0:00:00,533.34,2 MIL KM,5
AUKM,1298,2025-05-02 0:00:00,1162.1,2 MIL KM,5
AUKM,1040,2025-05-02 0:00:00,1079.86,4 MIL KM,5
AUTO,509210,2025-05-02 0:00:00,3200,Todo Riesgo,5
AUKM,1400,2025-05-03 0:00:00,604.92,2 MIL KM,5
AUKM,1921,2025-05-03 0:00:00,443.33,2 MIL KM,5
AUKM,1923,2025-05-03 0:00:00,1279.57,2 MIL KM,5
AUKM,1924,2025-05-03 0:00:00,789.92,2 MIL KM,5
AUKM,1925,2025-05-03 0:00:00,544.47,2 MIL KM,5
AUKM,1926,2025-05-03 0:00:00,2189.78,6 MIL KM,5
AUKM,1929,2025-05-04 0:00:00,729.92,2 MIL KM,5
AUKM,1928,2025-05-04 0:00:00,1972.44,4 MIL KM,5
AUKM,1031,2025-05-06 0:00:00,789.93,2 MIL KM,5
AUKM,1931,2025-05-06 0:00:00,699.92,2 MIL KM,5
AUKM,1933,2025-05-06 0:00:00,1954.92,2 MIL KM,5
AUKM,1932,2025-05-06 0:00:00,1330.01,6 MIL KM,5
AUKM,1936,2025-05-07 0:00:00,729.92,2 MIL KM,5
AUKM,1934,2025-05-07 0:00:00,3188.49,4 MIL KM,5
AUKM,1935,2025-05-07 0:00:00,1219.86,4 MIL KM,5
AUKM,1937,2025-05-09 0:00:00,573.07,2 MIL KM,5
AUKM,1938,2025-05-09 0:00:00,911.04,4 MIL KM,5
AUKM,1105,2025-05-09 0:00:00,1759.85,4 MIL KM,5
AUKM,1940,2025-05-10 0:00:00,729.92,2 MIL KM,5
AUKM,1942,2025-05-10 0:00:00,443.33,2 MIL KM,5
AUTO,509625,2025-05-10 0:00:00,3200,Todo Riesgo,5
AUKM,11,2025-05-11 0:00:00,1066.67,4 MIL KM,5
AUKM,837,2025-05-11 0:00:00,1209.86,4 MIL KM,5
AUKM,1313,2025-05-12 0:00:00,1459.85,4 MIL KM,5
AUKM,1946,2025-05-13 0:00:00,572.42,2 MIL KM,5
AUKM,1947,2025-05-14 0:00:00,636.32,2 MIL KM,5
AUKM,761,2025-05-14 0:00:00,1954.95,2 MIL KM,5
AUKM,418,2025-05-14 0:00:00,1194.26,4 MIL KM,5
AUKM,1949,2025-05-14 0:00:00,3351.53,4 MIL KM,5
AUTO,509897,2025-05-14 0:00:00,11201.52,Todo Riesgo,5
AUKM,1951,2025-05-15 0:00:00,1079.98,2 MIL KM,5
AUKM,1952,2025-05-15 0:00:00,443.33,2 MIL KM,5
AUKM,25,2025-05-15 0:00:00,1239.75,2 MIL KM,5
AUKM,21,2025-05-15 0:00:00,2010.79,2 MIL KM,5
AUKM,1955,2025-05-16 0:00:00,741.92,2 MIL KM,5
AUKM,1956,2025-05-16 0:00:00,1089.5,2 MIL KM,5
AUKM,1958,2025-05-17 0:00:00,443.33,2 MIL KM,5
AUKM,816,2025-05-17 0:00:00,1209.86,4 MIL KM,5
AUTO,487029,2025-05-17 0:00:00,3449.99,Todo Riesgo,5
AUKM,854,2025-05-18 0:00:00,1216.04,2 MIL KM,5
AUKM,825,2025-05-18 0:00:00,543.92,2 MIL KM,5
AUKM,844,2025-05-18 0:00:00,609.92,2 MIL KM,5
AUKM,1963,2025-05-18 0:00:00,1209.86,4 MIL KM,5
AUKM,1968,2025-05-20 0:00:00,443.33,2 MIL KM,5
AUKM,249,2025-05-20 0:00:00,1195.45,2 MIL KM,5
AUKM,1967,2025-05-20 0:00:00,1131.86,4 MIL KM,5
AUKM,1969,2025-05-20 0:00:00,1788.19,4 MIL KM,5
AUKM,1970,2025-05-20 0:00:00,911.04,4 MIL KM,5
AUKM,1971,2025-05-20 0:00:00,1209.86,4 MIL KM,5
AUKM,852,2025-05-20 0:00:00,1829.77,6 MIL KM,5
AUKM,1972,2025-05-20 0:00:00,1330.01,6 MIL KM,5
AUKM,1974,2025-05-21 0:00:00,598.59,2 MIL KM,5
AUKM,1975,2025-05-21 0:00:00,1747.86,4 MIL KM,5
AUKM,1979,2025-05-22 0:00:00,657.92,2 MIL KM,5
AUKM,878,2025-05-22 0:00:00,2346.51,4 MIL KM,5
AUKM,1977,2025-05-22 0:00:00,1928.78,6 MIL KM,5
AUKM,1978,2025-05-22 0:00:00,3101.03,6 MIL KM,5
AUKM,1980,2025-05-23 0:00:00,1131.86,4 MIL KM,5
AUKM,1981,2025-05-24 0:00:00,1207.86,4 MIL KM,5
AUKM,889,2025-05-24 0:00:00,1079.86,4 MIL KM,5
AUTO,487580,2025-05-24 0:00:00,4424.35,Todo Riesgo,5
AUKM,1475,2025-05-25 0:00:00,533.34,2 MIL KM,5
AUKM,607,2025-05-26 0:00:00,809.51,2 MIL KM,5
AUKM,901,2025-05-29 0:00:00,533.34,2 MIL KM,5
AUKM,1986,2025-05-29 0:00:00,443.33,2 MIL KM,5
AUKM,1987,2025-05-30 0:00:00,1089.5,2 MIL KM,5
AUKM,1991,2025-05-30 0:00:00,1200.01,MOTO 3MIL KM,5
AUKM,1989,2025-05-31 0:00:00,594.52,2 MIL KM,5
AUKM,1990,2025-05-31 0:00:00,527.01,2 MIL KM,5
AUKM,1988,2025-05-31 0:00:00,3909.86,4 MIL KM,5
AUTO,487946,2025-05-31 0:00:00,3450,Todo Riesgo,5
AUKM,906,2025-06-02 0:00:00,699.93,2 MIL KM,6
AUKM,1379,2025-06-02 0:00:00,1806.99,2 MIL KM,6
AUKM,39,2025-06-03 0:00:00,789.93,2 MIL KM,6
AUKM,1996,2025-06-03 0:00:00,695.72,2 MIL KM,6
AUKM,1997,2025-06-03 0:00:00,1241.92,2 MIL KM,6
AUKM,1999,2025-06-03 0:00:00,863.38,2 MIL KM,6
AUTO,511303,2025-06-04 0:00:00,3704.55,Todo Riesgo,6
AUKM,605,2025-06-05 0:00:00,977.85,2 MIL KM,6
AUKM,922,2025-06-06 0:00:00,1066.67,4 MIL KM,6
AUKM,938,2025-06-06 0:00:00,1279.86,4 MIL KM,6
AUKM,220,2025-06-06 0:00:00,1717.27,6 MIL KM,6
AUKM,2004,2025-06-07 0:00:00,604.92,2 MIL KM,6
AUKM,2006,2025-06-07 0:00:00,1182.75,2 MIL KM,6
AUKM,934,2025-06-07 0:00:00,578.92,2 MIL KM,6
AUKM,2005,2025-06-07 0:00:00,1874.18,4 MIL KM,6
AUTO,488315,2025-06-07 0:00:00,3450,Todo Riesgo,6
AUKM,2008,2025-06-08 0:00:00,1574.92,2 MIL KM,6
AUKM,929,2025-06-08 0:00:00,1117.44,2 MIL KM,6
AUKM,2010,2025-06-08 0:00:00,609.92,2 MIL KM,6
AUKM,940,2025-06-09 0:00:00,1231.86,4 MIL KM,6
AUKM,1596,2025-06-10 0:00:00,533.34,2 MIL KM,6
AUKM,1330,2025-06-10 0:00:00,1619.77,6 MIL KM,6
AUKM,932,2025-06-11 0:00:00,722.13,2 MIL KM,6
AUKM,2016,2025-06-11 0:00:00,1284.92,2 MIL KM,6
AUKM,2015,2025-06-11 0:00:00,1079.86,4 MIL KM,6
AUKM,924,2025-06-11 0:00:00,1417.85,4 MIL KM,6
AUKM,2018,2025-06-12 0:00:00,697.92,2 MIL KM,6
AUKM,2019,2025-06-13 0:00:00,481.51,2 MIL KM,6
AUTO,511766,2025-06-13 0:00:00,3199.99,Todo Riesgo,6
AUKM,2020,2025-06-14 0:00:00,443.33,2 MIL KM,6
AUKM,2021,2025-06-14 0:00:00,918.65,2 MIL KM,6
AUKM,2022,2025-06-14 0:00:00,1025.44,4 MIL KM,6
AUKM,839,2025-06-15 0:00:00,1250.32,2 MIL KM,6
AUKM,2024,2025-06-15 0:00:00,601.67,2 MIL KM,6
AUKM,231,2025-06-15 0:00:00,533.34,2 MIL KM,6
AUKM,1466,2025-06-16 0:00:00,1519.85,4 MIL KM,6
AUKM,872,2025-06-16 0:00:00,2206.61,4 MIL KM,6
AUKM,60,2025-06-18 0:00:00,894.1,2 MIL KM,6
AUKM,2030,2025-06-19 0:00:00,443.33,2 MIL KM,6
AUKM,2031,2025-06-19 0:00:00,443.33,2 MIL KM,6
AUKM,2032,2025-06-19 0:00:00,443.33,2 MIL KM,6
AUKM,544,2025-06-19 0:00:00,1106.27,2 MIL KM,6
AUKM,2036,2025-06-19 0:00:00,1692.5,2 MIL KM,6
AUKM,500,2025-06-19 0:00:00,1219.86,4 MIL KM,6
AUKM,1723,2025-06-19 0:00:00,886.68,4 MIL KM,6
AUKM,1569,2025-06-19 0:00:00,1829.77,6 MIL KM,6
AUKM,986,2025-06-20 0:00:00,609.92,2 MIL KM,6
AUKM,984,2025-06-20 0:00:00,1600,6 MIL KM,6
AUKM,994,2025-06-20 0:00:00,2369.77,6 MIL KM,6
AUKM,2046,2025-06-20 0:00:00,1200.01,MOTO 3MIL KM,6
AUKM,970,2025-06-21 0:00:00,604.92,2 MIL KM,6
AUKM,2044,2025-06-21 0:00:00,565.92,2 MIL KM,6
AUKM,2045,2025-06-21 0:00:00,443.33,2 MIL KM,6
AUKM,2041,2025-06-21 0:00:00,1788.19,4 MIL KM,6
AUKM,2042,2025-06-21 0:00:00,911.04,4 MIL KM,6
AUKM,2047,2025-06-21 0:00:00,1739.06,4 MIL KM,6
AUKM,2048,2025-06-22 0:00:00,1203.36,4 MIL KM,6
AUKM,2053,2025-06-24 0:00:00,558.75,2 MIL KM,6
AUKM,209,2025-06-24 0:00:00,1257.02,2 MIL KM,6
AUKM,2057,2025-06-24 0:00:00,494.51,2 MIL KM,6
AUKM,2049,2025-06-24 0:00:00,2011.53,4 MIL KM,6
AUKM,1390,2025-06-24 0:00:00,2234.84,4 MIL KM,6
AUKM,2058,2025-06-25 0:00:00,604.92,2 MIL KM,6
AUKM,1001,2025-06-25 0:00:00,924.81,2 MIL KM,6
AUKM,2060,2025-06-25 0:00:00,662.72,2 MIL KM,6
AUKM,1417,2025-06-25 0:00:00,922.02,2 MIL KM,6
AUKM,2062,2025-06-25 0:00:00,922.02,2 MIL KM,6
AUKM,1008,2025-06-26 0:00:00,669.92,2 MIL KM,6
AUKM,2066,2025-06-26 0:00:00,771.92,2 MIL KM,6
AUKM,584,2025-06-26 0:00:00,2404.13,4 MIL KM,6
AUKM,517,2025-06-26 0:00:00,1066.67,4 MIL KM,6
AUKM,2067,2025-06-27 0:00:00,481.51,2 MIL KM,6
AUKM,2068,2025-06-27 0:00:00,1029.2,2 MIL KM,6
AUKM,777,2025-06-27 0:00:00,1284.94,2 MIL KM,6
AUKM,1011,2025-06-27 0:00:00,443.33,2 MIL KM,6
AUKM,2070,2025-06-27 0:00:00,1330.01,6 MIL KM,6
AUTO,512622,2025-06-29 0:00:00,3200,Todo Riesgo,6
AUKM,861,2025-06-30 0:00:00,1180.26,4 MIL KM,6
AUKM,1371,2025-07-02 0:00:00,819.92,2 MIL KM,7
AUKM,2076,2025-07-02 0:00:00,1117.42,2 MIL KM,7
AUKM,2074,2025-07-02 0:00:00,1219.86,4 MIL KM,7
AUKM,2073,2025-07-02 0:00:00,1483.55,6 MIL KM,7
AUKM,2078,2025-07-03 0:00:00,1201.17,2 MIL KM,7
AUKM,2079,2025-07-03 0:00:00,1932.03,2 MIL KM,7
AUKM,1082,2025-07-03 0:00:00,1066.67,4 MIL KM,7
AUKM,2082,2025-07-03 0:00:00,1203.36,4 MIL KM,7
AUKM,2081,2025-07-03 0:00:00,1973.78,6 MIL KM,7
AUKM,2083,2025-07-04 0:00:00,443.33,2 MIL KM,7
AUKM,2084,2025-07-04 0:00:00,1498.01,2 MIL KM,7
AUKM,2085,2025-07-04 0:00:00,2123.19,4 MIL KM,7
AUKM,2086,2025-07-05 0:00:00,443.33,2 MIL KM,7
AUKM,2088,2025-07-05 0:00:00,774.92,2 MIL KM,7
AUKM,1027,2025-07-05 0:00:00,1417.85,4 MIL KM,7
AUKM,905,2025-07-06 0:00:00,533.34,2 MIL KM,7
AUKM,1035,2025-07-08 0:00:00,481.51,2 MIL KM,7
AUKM,2091,2025-07-09 0:00:00,1167.92,2 MIL KM,7
AUKM,2092,2025-07-10 0:00:00,2234.09,2 MIL KM,7
AUKM,2093,2025-07-10 0:00:00,1772.76,MOTO 3MIL KM,7
AUKM,1315,2025-07-12 0:00:00,1410.01,2 MIL KM,7
AUKM,2095,2025-07-12 0:00:00,1396.59,2 MIL KM,7
AUKM,2096,2025-07-12 0:00:00,443.33,2 MIL KM,7
AUKM,1042,2025-07-12 0:00:00,533.34,2 MIL KM,7
AUKM,2098,2025-07-13 0:00:00,996.84,4 MIL KM,7
AUKM,928,2025-07-15 0:00:00,2407.22,2 MIL KM,7
AUKM,2100,2025-07-15 0:00:00,623.12,2 MIL KM,7
AUKM,2101,2025-07-15 0:00:00,879.92,2 MIL KM,7
AUKM,2102,2025-07-15 0:00:00,1001.92,2 MIL KM,7
AUKM,2103,2025-07-15 0:00:00,1459.86,4 MIL KM,7
AUKM,1113,2025-07-15 0:00:00,4625.11,6 MIL KM,7
AUKM,2106,2025-07-16 0:00:00,459.85,2 MIL KM,7
AUKM,1056,2025-07-16 0:00:00,552.92,2 MIL KM,7
AUKM,2114,2025-07-16 0:00:00,443.33,2 MIL KM,7
AUKM,2115,2025-07-16 0:00:00,443.33,2 MIL KM,7
AUKM,2117,2025-07-16 0:00:00,699.92,2 MIL KM,7
AUKM,2105,2025-07-16 0:00:00,1079.86,4 MIL KM,7
AUKM,2107,2025-07-16 0:00:00,2132.13,4 MIL KM,7
AUKM,2110,2025-07-16 0:00:00,2279.53,4 MIL KM,7
AUKM,1061,2025-07-16 0:00:00,2424.68,4 MIL KM,7
AUKM,2113,2025-07-16 0:00:00,1279.86,4 MIL KM,7
AUKM,2118,2025-07-16 0:00:00,886.68,4 MIL KM,7
AUKM,2119,2025-07-16 0:00:00,886.68,4 MIL KM,7
AUKM,2121,2025-07-17 0:00:00,443.33,2 MIL KM,7
AUKM,2123,2025-07-17 0:00:00,760.52,2 MIL KM,7
AUKM,1126,2025-07-17 0:00:00,1160.46,4 MIL KM,7
AUKM,2122,2025-07-17 0:00:00,2324.78,6 MIL KM,7
AUKM,2125,2025-07-18 0:00:00,1994,2 MIL KM,7
AUKM,2127,2025-07-18 0:00:00,840.92,2 MIL KM,7
AUKM,2126,2025-07-18 0:00:00,1629.06,4 MIL KM,7
AUKM,2124,2025-07-18 0:00:00,5446.03,6 MIL KM,7
AUKM,2129,2025-07-19 0:00:00,1117.42,2 MIL KM,7
AUKM,2128,2025-07-19 0:00:00,1209.86,4 MIL KM,7
AUTO,490889,2025-07-20 0:00:00,3461.55,Todo Riesgo,7
AUKM,2131,2025-07-21 0:00:00,2514.01,4 MIL KM,7
AUKM,2132,2025-07-21 0:00:00,1200.01,MOTO 3MIL KM,7
AUKM,1048,2025-07-22 0:00:00,533.34,2 MIL KM,7
AUKM,2133,2025-07-22 0:00:00,4399.16,4 MIL KM,7
AUKM,2137,2025-07-22 0:00:00,1325.46,4 MIL KM,7
AUKM,2130,2025-07-22 0:00:00,1581.05,6 MIL KM,7
AUKM,2135,2025-07-22 0:00:00,1366.55,6 MIL KM,7
AUKM,2136,2025-07-22 0:00:00,1366.55,6 MIL KM,7
AUKM,2138,2025-07-22 0:00:00,3327.15,6 MIL KM,7
AUKM,2139,2025-07-23 0:00:00,604.92,2 MIL KM,7
AUKM,549,2025-07-23 0:00:00,533.34,2 MIL KM,7
AUKM,2141,2025-07-23 0:00:00,2793.19,4 MIL KM,7
AUKM,2142,2025-07-23 0:00:00,1131.86,4 MIL KM,7
AUKM,2145,2025-07-24 0:00:00,759.92,2 MIL KM,7
AUKM,136,2025-07-24 0:00:00,533.34,2 MIL KM,7
AUKM,1075,2025-07-24 0:00:00,533.34,2 MIL KM,7
AUKM,2146,2025-07-24 0:00:00,886.68,4 MIL KM,7
AUTO,513923,2025-07-24 0:00:00,3200,Todo Riesgo,7
AUKM,2150,2025-07-25 0:00:00,639.92,2 MIL KM,7
AUKM,1476,2025-07-25 0:00:00,1078.34,2 MIL KM,7
AUKM,1072,2025-07-25 0:00:00,1257.02,2 MIL KM,7
AUKM,2152,2025-07-25 0:00:00,3139.33,4 MIL KM,7
AUKM,2156,2025-07-26 0:00:00,604.92,2 MIL KM,7
AUKM,2158,2025-07-26 0:00:00,539.92,2 MIL KM,7
AUKM,1226,2025-07-26 0:00:00,2187.18,2 MIL KM,7
AUKM,2161,2025-07-26 0:00:00,604.92,2 MIL KM,7
AUKM,2155,2025-07-26 0:00:00,1399.86,4 MIL KM,7
AUKM,2160,2025-07-26 0:00:00,4438.68,4 MIL KM,7
AUKM,2157,2025-07-26 0:00:00,2639.78,6 MIL KM,7
AUKM,2162,2025-07-27 0:00:00,2643.7,4 MIL KM,7
AUKM,2165,2025-07-27 0:00:00,1600,6 MIL KM,7
AUKM,2164,2025-07-28 0:00:00,1200.01,MOTO 3MIL KM,7
AUKM,1491,2025-07-29 0:00:00,533.34,2 MIL KM,7
AUKM,2167,2025-07-29 0:00:00,639.92,2 MIL KM,7
AUKM,2168,2025-07-29 0:00:00,1061.59,2 MIL KM,7
AUKM,2169,2025-07-29 0:00:00,614.52,2 MIL KM,7
AUKM,1472,2025-07-30 0:00:00,656.12,2 MIL KM,7
AUKM,1101,2025-07-30 0:00:00,1483.86,4 MIL KM,7
AUKM,2173,2025-07-30 0:00:00,4037.86,4 MIL KM,7
AUKM,143,2025-07-31 0:00:00,565.92,2 MIL KM,7
AUKM,2174,2025-07-31 0:00:00,1330.01,6 MIL KM,7
AUKM,2176,2025-07-31 0:00:00,1444.55,6 MIL KM,7
AUKM,1110,2025-08-01 0:00:00,840.93,2 MIL KM,8
AUKM,140,2025-08-01 0:00:00,781.39,2 MIL KM,8
AUKM,2178,2025-08-01 0:00:00,886.68,4 MIL KM,8
AUKM,2181,2025-08-02 0:00:00,601.67,2 MIL KM,8
AUKM,1054,2025-08-03 0:00:00,1440.72,2 MIL KM,8
AUKM,2183,2025-08-05 0:00:00,639.92,2 MIL KM,8
AUKM,2184,2025-08-05 0:00:00,572.42,2 MIL KM,8
AUKM,1032,2025-08-06 0:00:00,533.34,2 MIL KM,8
AUKM,2187,2025-08-06 0:00:00,539.92,2 MIL KM,8
AUKM,2190,2025-08-06 0:00:00,642.92,2 MIL KM,8
AUKM,2192,2025-08-06 0:00:00,1089.5,2 MIL KM,8
AUKM,177,2025-08-06 0:00:00,1495.85,4 MIL KM,8
AUKM,1176,2025-08-06 0:00:00,1733.34,4 MIL KM,8
AUKM,2191,2025-08-06 0:00:00,1219.86,4 MIL KM,8
AUKM,2193,2025-08-07 0:00:00,699.92,2 MIL KM,8
AUKM,2195,2025-08-07 0:00:00,1701.32,2 MIL KM,8
AUKM,2194,2025-08-07 0:00:00,939.64,4 MIL KM,8
AUKM,297,2025-08-08 0:00:00,922.02,2 MIL KM,8
AUKM,2197,2025-08-08 0:00:00,687.92,2 MIL KM,8
AUTO,451486,2025-08-08 0:00:00,4562.15,Todo Riesgo,8
AUKM,2198,2025-08-09 0:00:00,527.01,2 MIL KM,8
AUKM,2199,2025-08-09 0:00:00,443.33,2 MIL KM,8
AUKM,2200,2025-08-09 0:00:00,1480.9,2 MIL KM,8
AUKM,2203,2025-08-09 0:00:00,533.34,2 MIL KM,8
AUKM,1137,2025-08-10 0:00:00,539.92,2 MIL KM,8
AUKM,2202,2025-08-12 0:00:00,781.52,2 MIL KM,8
AUKM,2205,2025-08-12 0:00:00,765.92,2 MIL KM,8
AUKM,2208,2025-08-12 0:00:00,1274.87,2 MIL KM,8
AUKM,1144,2025-08-12 0:00:00,1279.86,4 MIL KM,8
AUKM,2204,2025-08-12 0:00:00,4189.78,6 MIL KM,8
AUKM,2206,2025-08-12 0:00:00,2849.78,6 MIL KM,8
AUKM,2209,2025-08-13 0:00:00,590.12,2 MIL KM,8
AUKM,2210,2025-08-13 0:00:00,1117.42,2 MIL KM,8
AUKM,1178,2025-08-14 0:00:00,1175.27,2 MIL KM,8
AUKM,2212,2025-08-14 0:00:00,1023.07,2 MIL KM,8
AUKM,2213,2025-08-14 0:00:00,2234.09,2 MIL KM,8
AUKM,2214,2025-08-14 0:00:00,1117.42,2 MIL KM,8
AUKM,2215,2025-08-14 0:00:00,1144.86,4 MIL KM,8
AUKM,1845,2025-08-15 0:00:00,1748.2,2 MIL KM,8
AUKM,2217,2025-08-15 0:00:00,601.67,2 MIL KM,8
AUKM,2219,2025-08-15 0:00:00,639.92,2 MIL KM,8
AUKM,1335,2025-08-15 0:00:00,639.92,2 MIL KM,8
AUKM,2218,2025-08-15 0:00:00,1589.46,4 MIL KM,8
AUKM,2220,2025-08-15 0:00:00,1209.86,4 MIL KM,8
AUKM,465,2025-08-16 0:00:00,1600,6 MIL KM,8
AUKM,2224,2025-08-17 0:00:00,689.12,2 MIL KM,8
AUKM,2223,2025-08-17 0:00:00,1105.86,4 MIL KM,8
AUTO,492623,2025-08-17 0:00:00,3949.99,Todo Riesgo,8
AUKM,2225,2025-08-19 0:00:00,443.33,2 MIL KM,8
AUKM,2226,2025-08-19 0:00:00,604.92,2 MIL KM,8
AUKM,1188,2025-08-20 0:00:00,533.34,2 MIL KM,8
AUKM,2228,2025-08-20 0:00:00,3351.53,4 MIL KM,8
AUKM,164,2025-08-21 0:00:00,639.92,2 MIL KM,8
AUKM,2230,2025-08-21 0:00:00,761.72,2 MIL KM,8
AUKM,2231,2025-08-21 0:00:00,565.92,2 MIL KM,8
AUKM,1115,2025-08-22 0:00:00,596.72,2 MIL KM,8
AUKM,181,2025-08-22 0:00:00,949.94,2 MIL KM,8
AUKM,1501,2025-08-22 0:00:00,1675.78,2 MIL KM,8
AUKM,1216,2025-08-22 0:00:00,1061.6,2 MIL KM,8
AUKM,2232,2025-08-22 0:00:00,1203.36,4 MIL KM,8
AUKM,2233,2025-08-22 0:00:00,1600,6 MIL KM,8
AUKM,2238,2025-08-23 0:00:00,879.92,2 MIL KM,8
AUKM,1205,2025-08-23 0:00:00,601.67,2 MIL KM,8
AUKM,2239,2025-08-23 0:00:00,3574.86,4 MIL KM,8
AUKM,327,2025-08-24 0:00:00,533.34,2 MIL KM,8
AUKM,549,2025-08-25 0:00:00,533.34,2 MIL KM,8
AUKM,1379,2025-08-26 0:00:00,1806.99,2 MIL KM,8
AUKM,1682,2025-08-26 0:00:00,1117.42,2 MIL KM,8
AUKM,1500,2025-08-26 0:00:00,1615.85,4 MIL KM,8
AUKM,1172,2025-08-27 0:00:00,715.53,2 MIL KM,8
AUKM,2247,2025-08-27 0:00:00,819.92,2 MIL KM,8
AUKM,2248,2025-08-27 0:00:00,1967.12,2 MIL KM,8
AUKM,228,2025-08-27 0:00:00,539.92,2 MIL KM,8
AUKM,1200,2025-08-28 0:00:00,481.51,2 MIL KM,8
AUKM,1865,2025-08-28 0:00:00,1748.2,2 MIL KM,8
AUKM,2251,2025-08-28 0:00:00,1054.04,4 MIL KM,8
AUKM,1409,2025-08-28 0:00:00,2365.49,4 MIL KM,8
AUKM,2250,2025-08-28 0:00:00,1717.28,6 MIL KM,8
AUKM,2255,2025-08-29 0:00:00,729.92,2 MIL KM,8
AUKM,376,2025-08-30 0:00:00,627.92,2 MIL KM,8
AUKM,2257,2025-08-30 0:00:00,729.92,2 MIL KM,8
AUKM,260,2025-08-30 0:00:00,552.92,2 MIL KM,8
AUKM,2259,2025-08-31 0:00:00,546.42,2 MIL KM,8
AUKM,2260,2025-08-31 0:00:00,894.09,2 MIL KM,8
AUKM,1213,2025-08-31 0:00:00,1564.12,2 MIL KM,8
AUKM,2262,2025-08-31 0:00:00,527.01,2 MIL KM,8
AUTO,452746,2025-08-31 0:00:00,2827.95,Todo Riesgo,8
AUKM,492,2025-09-02 0:00:00,533.34,2 MIL KM,9
AUKM,2264,2025-09-02 0:00:00,886.68,4 MIL KM,9
AUKM,2265,2025-09-02 0:00:00,1189.86,4 MIL KM,9
AUKM,2266,2025-09-02 0:00:00,1351.86,4 MIL KM,9
AUKM,2268,2025-09-02 0:00:00,1457.46,4 MIL KM,9
AUKM,226,2025-09-02 0:00:00,1619.77,6 MIL KM,9
AUKM,182,2025-09-03 0:00:00,1952.17,2 MIL KM,9
AUKM,2270,2025-09-03 0:00:00,2206.17,2 MIL KM,9
AUKM,2271,2025-09-03 0:00:00,2206.17,2 MIL KM,9
AUKM,2274,2025-09-04 0:00:00,702.32,2 MIL KM,9
AUKM,2273,2025-09-04 0:00:00,1131.86,4 MIL KM,9
AUKM,2275,2025-09-04 0:00:00,1079.86,4 MIL KM,9
AUKM,387,2025-09-04 0:00:00,1591.85,4 MIL KM,9
AUKM,241,2025-09-04 0:00:00,1399.85,4 MIL KM,9
AUKM,2278,2025-09-04 0:00:00,1759.86,4 MIL KM,9
AUKM,1223,2025-09-04 0:00:00,1600,6 MIL KM,9
AUKM,2282,2025-09-05 0:00:00,642.92,2 MIL KM,9
AUKM,2279,2025-09-05 0:00:00,1899.86,4 MIL KM,9
AUKM,2281,2025-09-05 0:00:00,1025.44,4 MIL KM,9
AUKM,2283,2025-09-06 0:00:00,789.92,2 MIL KM,9
AUKM,2284,2025-09-06 0:00:00,759.92,2 MIL KM,9
AUKM,1225,2025-09-06 0:00:00,656.12,2 MIL KM,9
AUKM,2285,2025-09-06 0:00:00,2145.53,4 MIL KM,9
AUKM,2286,2025-09-06 0:00:00,2279.78,6 MIL KM,9
AUTO,493962,2025-09-06 0:00:00,3461.55,Todo Riesgo,9
AUKM,748,2025-09-07 0:00:00,1869.37,6 MIL KM,9
AUKM,2289,2025-09-09 0:00:00,794.72,2 MIL KM,9
AUKM,2290,2025-09-10 0:00:00,669.92,2 MIL KM,9
AUKM,2291,2025-09-10 0:00:00,669.92,2 MIL KM,9
AUKM,2298,2025-09-10 0:00:00,603.32,2 MIL KM,9
AUKM,249,2025-09-10 0:00:00,1195.45,2 MIL KM,9
AUKM,2301,2025-09-10 0:00:00,3753.53,4 MIL KM,9
AUKM,2294,2025-09-10 0:00:00,1717.28,6 MIL KM,9
AUKM,2303,2025-09-11 0:00:00,1188.89,2 MIL KM,9
AUKM,1734,2025-09-11 0:00:00,949.92,2 MIL KM,9
AUKM,2307,2025-09-11 0:00:00,774.92,2 MIL KM,9
AUKM,2308,2025-09-11 0:00:00,484.11,2 MIL KM,9
AUKM,2309,2025-09-12 0:00:00,1396.59,2 MIL KM,9
AUKM,1482,2025-09-12 0:00:00,1312.26,4 MIL KM,9
AUKM,1237,2025-09-13 0:00:00,1089.52,2 MIL KM,9
AUKM,2313,2025-09-13 0:00:00,443.33,2 MIL KM,9
AUKM,2314,2025-09-13 0:00:00,1549.86,4 MIL KM,9
AUKM,2312,2025-09-13 0:00:00,1697.78,6 MIL KM,9
AUKM,1519,2025-09-15 0:00:00,699.93,2 MIL KM,9
AUKM,2316,2025-09-17 0:00:00,2129.92,2 MIL KM,9
AUKM,2317,2025-09-17 0:00:00,10889.78,6 MIL KM,9
AUKM,378,2025-09-18 0:00:00,549.02,2 MIL KM,9
AUKM,2320,2025-09-18 0:00:00,1134.22,2 MIL KM,9
AUKM,2322,2025-09-18 0:00:00,1238.02,2 MIL KM,9
AUKM,2321,2025-09-18 0:00:00,886.68,4 MIL KM,9
AUKM,2318,2025-09-18 0:00:00,3327.16,6 MIL KM,9
AUKM,2323,2025-09-19 0:00:00,807.92,2 MIL KM,9
AUKM,271,2025-09-19 0:00:00,795.93,2 MIL KM,9
AUKM,2324,2025-09-19 0:00:00,1919.78,6 MIL KM,9
AUKM,1999,2025-09-20 0:00:00,863.38,2 MIL KM,9
AUKM,1248,2025-09-20 0:00:00,601.67,2 MIL KM,9
AUKM,2328,2025-09-20 0:00:00,949.92,2 MIL KM,9
AUTO,494689,2025-09-20 0:00:00,3393.48,Todo Riesgo,9
AUKM,293,2025-09-21 0:00:00,819.93,2 MIL KM,9
AUKM,1260,2025-09-22 0:00:00,2498.02,6 MIL KM,9
AUKM,2331,2025-09-23 0:00:00,527.01,2 MIL KM,9
AUKM,1601,2025-09-23 0:00:00,443.33,2 MIL KM,9
AUKM,2060,2025-09-23 0:00:00,662.72,2 MIL KM,9
AUKM,2335,2025-09-23 0:00:00,539.92,2 MIL KM,9
AUKM,2332,2025-09-23 0:00:00,1611.98,6 MIL KM,9
AUKM,2336,2025-09-23 0:00:00,1330.01,6 MIL KM,9
AUTO,517553,2025-09-23 0:00:00,3299.55,Todo Riesgo,9
AUKM,1270,2025-09-24 0:00:00,533.34,2 MIL KM,9
AUKM,2337,2025-09-24 0:00:00,1291.86,4 MIL KM,9
AUKM,2339,2025-09-24 0:00:00,2033.86,4 MIL KM,9
AUKM,2343,2025-09-25 0:00:00,539.92,2 MIL KM,9
AUKM,282,2025-09-25 0:00:00,1955.68,4 MIL KM,9
AUKM,2342,2025-09-25 0:00:00,1555.86,4 MIL KM,9
AUKM,2341,2025-09-25 0:00:00,1366.55,6 MIL KM,9
AUKM,1301,2025-09-26 0:00:00,616.52,2 MIL KM,9
AUKM,2345,2025-09-27 0:00:00,455.51,2 MIL KM,9
AUKM,2346,2025-09-27 0:00:00,443.33,2 MIL KM,9
AUKM,2347,2025-09-27 0:00:00,443.33,2 MIL KM,9
AUKM,1247,2025-09-27 0:00:00,1239.52,2 MIL KM,9
AUKM,467,2025-09-27 0:00:00,729.93,2 MIL KM,9
AUKM,2349,2025-09-27 0:00:00,1131.86,4 MIL KM,9
AUKM,2352,2025-09-27 0:00:00,1330.01,6 MIL KM,9
AUKM,313,2025-09-28 0:00:00,1102,4 MIL KM,9
AUKM,2354,2025-10-01 0:00:00,527.01,2 MIL KM,10
AUKM,2355,2025-10-01 0:00:00,504.51,2 MIL KM,10
AUKM,2356,2025-10-01 0:00:00,918.65,2 MIL KM,10
AUKM,1867,2025-10-01 0:00:00,699.92,2 MIL KM,10
AUKM,2358,2025-10-01 0:00:00,955.5,2 MIL KM,10
AUKM,2360,2025-10-01 0:00:00,1954.92,2 MIL KM,10
AUKM,2363,2025-10-01 0:00:00,735.92,2 MIL KM,10
AUKM,2359,2025-10-01 0:00:00,1285.86,4 MIL KM,10
AUKM,162,2025-10-01 0:00:00,1144.86,4 MIL KM,10
AUKM,2361,2025-10-01 0:00:00,4005.53,6 MIL KM,10
AUKM,2362,2025-10-01 0:00:00,7499.78,6 MIL KM,10
AUKM,1304,2025-10-04 0:00:00,443.33,2 MIL KM,10
AUKM,2368,2025-10-04 0:00:00,755.12,2 MIL KM,10
AUKM,2365,2025-10-04 0:00:00,2009.29,4 MIL KM,10
AUKM,1296,2025-10-04 0:00:00,1717.27,6 MIL KM,10
AUKM,1333,2025-10-05 0:00:00,533.34,2 MIL KM,10
AUKM,1422,2025-10-05 0:00:00,1457.45,4 MIL KM,10
AUTO,495594,2025-10-05 0:00:00,3549.55,Todo Riesgo,10
AUKM,1317,2025-10-08 0:00:00,533.34,2 MIL KM,10
AUKM,1323,2025-10-08 0:00:00,609.92,2 MIL KM,10
AUKM,1321,2025-10-08 0:00:00,1575.84,2 MIL KM,10
AUKM,1314,2025-10-08 0:00:00,1299.06,4 MIL KM,10
AUKM,2378,2025-10-09 0:00:00,443.33,2 MIL KM,10
AUKM,2375,2025-10-09 0:00:00,2793.19,4 MIL KM,10
AUKM,2376,2025-10-09 0:00:00,1131.86,4 MIL KM,10
AUKM,2377,2025-10-09 0:00:00,886.68,4 MIL KM,10
AUKM,1738,2025-10-10 0:00:00,1145.34,2 MIL KM,10
AUKM,1328,2025-10-10 0:00:00,1955.68,4 MIL KM,10
AUKM,2382,2025-10-10 0:00:00,2067.36,4 MIL KM,10
AUKM,2383,2025-10-11 0:00:00,1396.59,2 MIL KM,10
AUKM,1318,2025-10-12 0:00:00,642.92,2 MIL KM,10
AUKM,2385,2025-10-12 0:00:00,1279.86,4 MIL KM,10
AUKM,2386,2025-10-12 0:00:00,1837.33,4 MIL KM,10
AUKM,2384,2025-10-12 0:00:00,1600.01,6 MIL KM,10
AUKM,1312,2025-10-14 0:00:00,1066.67,4 MIL KM,10
AUKM,2391,2025-10-14 0:00:00,1758.76,MOTO 3MIL KM,10
AUKM,2392,2025-10-14 0:00:00,1310.76,MOTO 3MIL KM,10
AUKM,2390,2025-10-15 0:00:00,587.37,2 MIL KM,10
AUKM,2389,2025-10-15 0:00:00,2739.21,6 MIL KM,10
AUKM,2395,2025-10-15 0:00:00,2884,MOTO 6MIL KM,10
AUKM,2394,2025-10-16 0:00:00,1631.09,2 MIL KM,10
AUKM,2396,2025-10-16 0:00:00,533.33,2 MIL KM,10
AUKM,2397,2025-10-16 0:00:00,533.33,2 MIL KM,10
AUKM,2398,2025-10-16 0:00:00,1167.92,2 MIL KM,10
AUKM,2393,2025-10-16 0:00:00,3249.91,4 MIL KM,10
AUKM,2399,2025-10-18 0:00:00,1677.64,4 MIL KM,10
AUKM,2400,2025-10-18 0:00:00,1351.86,4 MIL KM,10
AUKM,2401,2025-10-18 0:00:00,1519.86,4 MIL KM,10
AUKM,426,2025-10-21 0:00:00,1670.2,2 MIL KM,10
AUKM,356,2025-10-21 0:00:00,1066.67,4 MIL KM,10
AUKM,300,2025-10-21 0:00:00,1079.86,4 MIL KM,10
AUTO,455342,2025-10-21 0:00:00,6981.35,Todo Riesgo,10
AUKM,1370,2025-10-22 0:00:00,2193.53,4 MIL KM,10
AUTO,519428,2025-10-22 0:00:00,3199.99,Todo Riesgo,10
AUKM,2058,2025-10-23 0:00:00,604.92,2 MIL KM,10
AUKM,1908,2025-10-23 0:00:00,533.33,2 MIL KM,10
AUKM,1350,2025-10-23 0:00:00,533.34,2 MIL KM,10
AUKM,2408,2025-10-23 0:00:00,1919.78,6 MIL KM,10
AUKM,1979,2025-10-24 0:00:00,657.92,2 MIL KM,10
AUKM,2412,2025-10-24 0:00:00,533.33,2 MIL KM,10
AUKM,2410,2025-10-24 0:00:00,1654.88,6 MIL KM,10
AUKM,2413,2025-10-24 0:00:00,2774.41,6 MIL KM,10
AUKM,2416,2025-10-24 0:00:00,1933.76,MOTO 3MIL KM,10
AUKM,366,2025-10-25 0:00:00,2033.12,2 MIL KM,10
AUKM,2417,2025-10-25 0:00:00,642.92,2 MIL KM,10
AUKM,2415,2025-10-25 0:00:00,2667.84,4 MIL KM,10
AUKM,2420,2025-10-27 0:00:00,6063.76,MOTO 9MIL KM,10
AUKM,2418,2025-10-28 0:00:00,675.92,2 MIL KM,10
AUKM,2421,2025-10-28 0:00:00,623.12,2 MIL KM,10
AUKM,2419,2025-10-28 0:00:00,1717.28,6 MIL KM,10
AUKM,2422,2025-10-29 0:00:00,708.92,2 MIL KM,10
AUKM,2423,2025-10-29 0:00:00,1356.53,4 MIL KM,10
AUKM,1936,2025-10-30 0:00:00,729.92,2 MIL KM,10
AUKM,2426,2025-10-30 0:00:00,572.42,2 MIL KM,10
AUKM,2427,2025-10-30 0:00:00,1536.12,2 MIL KM,10
AUKM,1393,2025-10-30 0:00:00,1074.44,2 MIL KM,10
AUKM,2424,2025-10-30 0:00:00,2639.78,6 MIL KM,10
AUKM,2429,2025-10-31 0:00:00,918.65,2 MIL KM,10
AUKM,2430,2025-11-01 0:00:00,533.33,2 MIL KM,11
AUKM,1582,2025-11-01 0:00:00,1473.38,2 MIL KM,11
AUKM,414,2025-11-01 0:00:00,1564.85,4 MIL KM,11
AUKM,2433,2025-11-02 0:00:00,601.67,2 MIL KM,11
AUKM,1921,2025-11-06 0:00:00,533.33,2 MIL KM,11
AUKM,978,2025-11-06 0:00:00,1619.77,6 MIL KM,11
AUKM,2438,2025-11-07 0:00:00,609.92,2 MIL KM,11
AUKM,2440,2025-11-07 0:00:00,827.72,2 MIL KM,11
AUKM,449,2025-11-07 0:00:00,1375.86,4 MIL KM,11
AUKM,87,2025-11-08 0:00:00,585.6,2 MIL KM,11
AUKM,2442,2025-11-08 0:00:00,533.33,2 MIL KM,11
AUKM,2443,2025-11-08 0:00:00,604.92,2 MIL KM,11
AUKM,2444,2025-11-08 0:00:00,533.33,2 MIL KM,11
AUKM,2445,2025-11-08 0:00:00,596.72,2 MIL KM,11
AUKM,375,2025-11-10 0:00:00,537.32,2 MIL KM,11
AUKM,2448,2025-11-11 0:00:00,590.12,2 MIL KM,11
AUKM,2449,2025-11-11 0:00:00,1084.48,2 MIL KM,11
AUKM,1535,2025-11-11 0:00:00,1441.25,2 MIL KM,11
AUKM,1381,2025-11-11 0:00:00,1710.97,6 MIL KM,11
AUKM,2456,2025-11-12 0:00:00,533.33,2 MIL KM,11
AUKM,2452,2025-11-12 0:00:00,1814.78,6 MIL KM,11
AUKM,1419,2025-11-13 0:00:00,533.33,2 MIL KM,11
AUKM,2457,2025-11-13 0:00:00,1600,6 MIL KM,11
AUKM,501,2025-11-13 0:00:00,1600,6 MIL KM,11
AUKM,2047,2025-11-14 0:00:00,1739.06,4 MIL KM,11
AUKM,1407,2025-11-14 0:00:00,1775.77,6 MIL KM,11
AUKM,1438,2025-11-15 0:00:00,955.52,2 MIL KM,11
AUKM,1404,2025-11-15 0:00:00,572.42,2 MIL KM,11
AUKM,2469,2025-11-15 0:00:00,1066.68,4 MIL KM,11
AUTO,475819,2025-11-16 0:00:00,10354.45,Todo Riesgo,11
AUKM,2473,2025-11-18 0:00:00,604.92,2 MIL KM,11
AUKM,2474,2025-11-18 0:00:00,1117.42,2 MIL KM,11
AUKM,2475,2025-11-18 0:00:00,1352.92,2 MIL KM,11
AUKM,2476,2025-11-18 0:00:00,2234.09,2 MIL KM,11
AUKM,1438,2025-11-18 0:00:00,955.52,2 MIL KM,11
AUKM,2478,2025-11-19 0:00:00,955.5,2 MIL KM,11
AUKM,2480,2025-11-19 0:00:00,586.64,2 MIL KM,11
AUKM,2481,2025-11-19 0:00:00,1600.38,2 MIL KM,11
AUKM,1307,2025-11-19 0:00:00,714.93,2 MIL KM,11
AUKM,2479,2025-11-19 0:00:00,2099.78,6 MIL KM,11
AUKM,2483,2025-11-21 0:00:00,1459.12,2 MIL KM,11
AUKM,1578,2025-11-21 0:00:00,1066.67,4 MIL KM,11
AUKM,2486,2025-11-22 0:00:00,533.33,2 MIL KM,11
AUKM,1733,2025-11-22 0:00:00,1655.65,2 MIL KM,11
AUKM,2488,2025-11-22 0:00:00,1229.1,2 MIL KM,11
AUKM,2489,2025-11-22 0:00:00,2586.61,4 MIL KM,11
AUKM,2490,2025-11-22 0:00:00,1832.86,4 MIL KM,11
AUTO,521361,2025-11-22 0:00:00,3200,Todo Riesgo,11
AUKM,1427,2025-11-24 0:00:00,551.62,2 MIL KM,11
AUKM,2494,2025-11-24 0:00:00,2896.26,MOTO 3MIL KM,11
AUKM,2492,2025-11-24 0:00:00,3000.01,MOTO 9MIL KM,11
AUKM,2493,2025-11-25 0:00:00,2463.78,4 MIL KM,11
AUKM,2495,2025-11-25 0:00:00,3768.46,6 MIL KM,11
AUKM,2497,2025-11-26 0:00:00,533.33,2 MIL KM,11
AUKM,1313,2025-11-26 0:00:00,1459.85,4 MIL KM,11
AUKM,1433,2025-11-27 0:00:00,580.22,2 MIL KM,11
AUKM,2499,2025-11-27 0:00:00,729.92,2 MIL KM,11
AUKM,1434,2025-11-27 0:00:00,1173.27,2 MIL KM,11
AUKM,2501,2025-11-27 0:00:00,1209.86,4 MIL KM,11
AUTO,380740,2025-11-27 0:00:00,3749.49,Todo Riesgo,11
AUKM,2502,2025-11-28 0:00:00,539.92,2 MIL KM,11
AUKM,2503,2025-11-28 0:00:00,1476.5,2 MIL KM,11
AUKM,1477,2025-11-28 0:00:00,533.34,2 MIL KM,11
AUKM,1440,2025-11-29 0:00:00,1188.9,2 MIL KM,11
AUKM,2506,2025-11-29 0:00:00,1787.42,2 MIL KM,11
AUKM,2507,2025-11-29 0:00:00,1173.25,2 MIL KM,11
AUKM,2508,2025-11-29 0:00:00,4468.19,4 MIL KM,11
AUKM,2509,2025-11-29 0:00:00,2177.91,4 MIL KM,11
AUKM,2510,2025-11-29 0:00:00,1103.26,4 MIL KM,11
AUKM,2512,2025-12-02 0:00:00,1005.75,2 MIL KM,12
AUKM,2514,2025-12-02 0:00:00,533.33,2 MIL KM,12
AUKM,2511,2025-12-02 0:00:00,1639.86,4 MIL KM,12
AUKM,2513,2025-12-02 0:00:00,1615.86,4 MIL KM,12
AUKM,2515,2025-12-02 0:00:00,1066.68,4 MIL KM,12
AUKM,1453,2025-12-03 0:00:00,1061.6,2 MIL KM,12
AUKM,2518,2025-12-04 0:00:00,1066.68,4 MIL KM,12
AUKM,2519,2025-12-04 0:00:00,2549.78,6 MIL KM,12
AUKM,2520,2025-12-05 0:00:00,533.33,2 MIL KM,12
AUKM,2522,2025-12-05 0:00:00,533.33,2 MIL KM,12
AUKM,2523,2025-12-05 0:00:00,580.22,2 MIL KM,12
AUKM,2521,2025-12-05 0:00:00,1066.68,4 MIL KM,12
AUKM,2525,2025-12-06 0:00:00,639.92,2 MIL KM,12
AUKM,1444,2025-12-06 0:00:00,4803.15,4 MIL KM,12
AUKM,1458,2025-12-07 0:00:00,1507.85,4 MIL KM,12
AUKM,2527,2025-12-07 0:00:00,5353.04,6 MIL KM,12
AUKM,2528,2025-12-08 0:00:00,2108.76,MOTO 3MIL KM,12
AUKM,2529,2025-12-09 0:00:00,609.92,2 MIL KM,12
AUKM,2531,2025-12-10 0:00:00,729.92,2 MIL KM,12
AUKM,1634,2025-12-10 0:00:00,1243.86,4 MIL KM,12
AUKM,2532,2025-12-10 0:00:00,1209.86,4 MIL KM,12
AUKM,2534,2025-12-11 0:00:00,639.92,2 MIL KM,12
AUKM,2535,2025-12-11 0:00:00,755.12,2 MIL KM,12
AUKM,2533,2025-12-11 0:00:00,1144.86,4 MIL KM,12
AUKM,447,2025-12-12 0:00:00,539.92,2 MIL KM,12
AUKM,2537,2025-12-13 0:00:00,533.33,2 MIL KM,12
AUKM,2538,2025-12-13 0:00:00,565.92,2 MIL KM,12
AUTO,523026,2025-12-13 0:00:00,3974.55,Todo Riesgo,12
AUKM,448,2025-12-14 0:00:00,1536.2,2 MIL KM,12
AUKM,2540,2025-12-14 0:00:00,533.33,2 MIL KM,12
AUKM,2541,2025-12-14 0:00:00,819.92,2 MIL KM,12
AUTO,458107,2025-12-15 0:00:00,4513.34,Todo Riesgo,12
AUKM,572,2025-12-16 0:00:00,675.92,2 MIL KM,12
AUKM,2543,2025-12-16 0:00:00,572.42,2 MIL KM,12
AUKM,2544,2025-12-16 0:00:00,3686.53,4 MIL KM,12
AUTO,523065,2025-12-16 0:00:00,3481.35,Todo Riesgo,12
AUKM,2546,2025-12-17 0:00:00,639.92,2 MIL KM,12
AUKM,2547,2025-12-17 0:00:00,533.33,2 MIL KM,12
AUKM,2545,2025-12-17 0:00:00,3477.89,6 MIL KM,12
AUKM,2549,2025-12-17 0:00:00,1849.76,MOTO 3MIL KM,12
AUKM,299,2025-12-18 0:00:00,623.12,2 MIL KM,12
AUKM,2552,2025-12-18 0:00:00,1284.37,2 MIL KM,12
AUKM,584,2025-12-18 0:00:00,2404.13,4 MIL KM,12
AUKM,2551,2025-12-18 0:00:00,2793.19,4 MIL KM,12
AUKM,2553,2025-12-18 0:00:00,1404.66,4 MIL KM,12
AUKM,2554,2025-12-19 0:00:00,609.92,2 MIL KM,12
AUKM,2555,2025-12-19 0:00:00,533.33,2 MIL KM,12
AUKM,2557,2025-12-19 0:00:00,1449.75,2 MIL KM,12
AUKM,2558,2025-12-19 0:00:00,879.92,2 MIL KM,12
AUKM,1514,2025-12-19 0:00:00,1183.86,4 MIL KM,12
AUKM,2556,2025-12-19 0:00:00,2225.78,6 MIL KM,12
AUKM,451,2025-12-20 0:00:00,1159.32,2 MIL KM,12
AUKM,2565,2025-12-20 0:00:00,533.33,2 MIL KM,12
AUKM,2560,2025-12-20 0:00:00,1103.26,4 MIL KM,12
AUKM,2561,2025-12-20 0:00:00,1549.86,4 MIL KM,12
AUKM,2320,2025-12-20 0:00:00,2268.45,4 MIL KM,12
AUKM,1315,2025-12-22 0:00:00,2819.97,4 MIL KM,12
AUKM,2568,2025-12-23 0:00:00,533.33,2 MIL KM,12
AUKM,2570,2025-12-23 0:00:00,533.33,2 MIL KM,12
AUKM,2572,2025-12-23 0:00:00,1250.3,2 MIL KM,12
AUKM,2569,2025-12-23 0:00:00,2500.63,4 MIL KM,12
AUKM,2571,2025-12-23 0:00:00,1066.67,4 MIL KM,12
AUKM,2574,2025-12-23 0:00:00,1549.86,4 MIL KM,12
AUKM,2575,2025-12-23 0:00:00,1369.86,4 MIL KM,12
AUKM,2573,2025-12-23 0:00:00,2186.18,6 MIL KM,12
AUKM,2576,2025-12-24 0:00:00,684.92,2 MIL KM,12
AUKM,2577,2025-12-24 0:00:00,3988.03,4 MIL KM,12
AUKM,1498,2025-12-25 0:00:00,533.34,2 MIL KM,12
AUKM,2580,2025-12-25 0:00:00,675.92,2 MIL KM,12
AUKM,2579,2025-12-25 0:00:00,4468.19,4 MIL KM,12
AUKM,2581,2025-12-27 0:00:00,1788.19,4 MIL KM,12
AUKM,2582,2025-12-27 0:00:00,4468.19,4 MIL KM,12
AUKM,2583,2025-12-27 0:00:00,1579.86,4 MIL KM,12
AUKM,2584,2025-12-27 0:00:00,2156.69,4 MIL KM,12
AUKM,2585,2025-12-28 0:00:00,781.52,2 MIL KM,12
AUKM,1491,2025-12-28 0:00:00,1066.67,4 MIL KM,12
AUKM,743,2025-12-28 0:00:00,1066.67,4 MIL KM,12
AUKM,2592,2025-12-30 0:00:00,537.32,2 MIL KM,12
AUKM,1903,2025-12-30 0:00:00,922,2 MIL KM,12
AUKM,483,2025-12-30 0:00:00,2345.79,2 MIL KM,12
AUKM,564,2025-12-30 0:00:00,1066.67,4 MIL KM,12
AUKM,565,2025-12-30 0:00:00,1272.66,4 MIL KM,12
AUKM,2590,2025-12-30 0:00:00,1351.86,4 MIL KM,12
AUKM,2591,2025-12-30 0:00:00,2793.19,4 MIL KM,12
AUKM,484,2025-12-30 0:00:00,1675.85,4 MIL KM,12
AUKM,2596,2025-12-31 0:00:00,1117.42,2 MIL KM,12
AUKM,2597,2025-12-31 0:00:00,840.92,2 MIL KM,12
AUKM,2076,2025-12-31 0:00:00,2234.86,4 MIL KM,12
AUKM,2599,2025-12-31 0:00:00,2708.82,4 MIL KM,12
AUKM,2600,2025-12-31 0:00:00,1899.86,4 MIL KM,12